season,hunt_date,timezone,sunrise_local,estimated_open_time_local,opening_sample_time_local,opening_sample_offset_minutes,opening_weather_code,opening_conditions,opening_temperature_f,opening_apparent_temperature_f,opening_relative_humidity_pct,opening_cloud_cover_pct,opening_precipitation_in,opening_rain_in,opening_snowfall_in,opening_wind_speed_mph,opening_wind_gust_mph,opening_wind_direction_deg,opening_wind_direction_cardinal,daily_weather_code,daily_conditions,daily_temperature_mean_f,daily_temperature_high_f,daily_temperature_low_f,daily_precipitation_in,daily_rain_in,daily_snowfall_in,daily_precipitation_hours,daily_wind_speed_max_mph,daily_wind_gust_max_mph,daily_wind_direction_dominant_deg,daily_wind_direction_dominant_cardinal,requested_latitude,requested_longitude,weather_grid_latitude,weather_grid_longitude,weather_grid_elevation_m,weather_model
2021-22,2021-10-16,America/Los_Angeles,2021-10-16T07:29,2021-10-16T06:59,2021-10-16T07:00,1,3,Overcast,44.0,41.4,100,100,0.0,0.0,0.0,2.6,5.8,165,SSE,3,Overcast,52.1,63.6,44.0,0.0,0.0,0.0,0.0,5.2,12.3,170,S,45.72,-122.803,45.729347,-122.791794,1.0,ecmwf_ifs
2021-22,2021-10-18,America/Los_Angeles,2021-10-18T07:32,2021-10-18T07:02,2021-10-18T07:00,-2,0,Clear sky,43.3,39.9,96,3,0.0,0.0,0.0,3.5,6.7,255,WSW,51,Light drizzle,49.5,56.9,43.3,0.02,0.02,0.0,4.0,6.0,12.3,335,NNW,45.72,-122.803,45.729347,-122.791794,1.0,ecmwf_ifs
2021-22,2021-10-20,America/Los_Angeles,2021-10-20T07:35,2021-10-20T07:05,2021-10-20T07:00,-5,55,Dense drizzle,50.2,45.2,97,100,0.043,0.043,0.0,11.3,25.1,188,S,61,Slight rain,52.6,58.4,47.2,0.453,0.453,0.0,18.0,12.0,28.9,168,SSE,45.72,-122.803,45.729347,-122.791794,1.0,ecmwf_ifs
2021-22,2021-10-22,America/Los_Angeles,2021-10-22T07:37,2021-10-22T07:07,2021-10-22T07:00,-7,3,Overcast,50.5,48.5,95,100,0.0,0.0,0.0,4.4,9.4,156,SSE,61,Slight rain,52.6,58.7,48.5,0.311,0.311,0.0,13.0,9.1,19.9,182,S,45.72,-122.803,45.729347,-122.791794,1.0,ecmwf_ifs
2021-22,2021-10-24,America/Los_Angeles,2021-10-24T07:40,2021-10-24T07:10,2021-10-24T07:00,-10,55,Dense drizzle,50.3,45.1,90,100,0.039,0.039,0.0,10.6,21.7,120,ESE,61,Slight rain,52.0,54.6,49.6,0.445,0.445,0.0,16.0,16.7,36.9,160,SSE,45.72,-122.803,45.729347,-122.791794,1.0,ecmwf_ifs
2021-22,2021-10-26,America/Los_Angeles,2021-10-26T07:43,2021-10-26T07:13,2021-10-26T07:00,-13,53,Moderate drizzle,49.0,43.9,94,100,0.035,0.035,0.0,10.5,21.0,168,SSE,61,Slight rain,50.6,55.9,47.7,0.343,0.343,0.0,22.0,12.6,29.1,184,S,45.72,-122.803,45.729347,-122.791794,1.0,ecmwf_ifs
2021-22,2021-10-28,America/Los_Angeles,2021-10-28T07:46,2021-10-28T07:16,2021-10-28T07:00,-16,3,Overcast,54.4,52.9,99,100,0.0,0.0,0.0,6.5,13.4,174,S,61,Slight rain,57.3,62.6,50.7,0.268,0.268,0.0,18.0,11.4,22.8,185,S,45.72,-122.803,45.729347,-122.791794,1.0,ecmwf_ifs
2021-22,2021-10-30,America/Los_Angeles,2021-10-30T07:48,2021-10-30T07:18,2021-10-30T07:00,-18,0,Clear sky,42.6,36.1,75,0,0.0,0.0,0.0,7.6,13.9,328,NNW,0,Clear sky,48.3,56.8,42.4,0.0,0.0,0.0,0.0,9.5,19.2,340,NNW,45.72,-122.803,45.729347,-122.791794,1.0,ecmwf_ifs
2021-22,2021-11-04,America/Los_Angeles,2021-11-04T07:55,2021-11-04T07:25,2021-11-04T07:00,-25,51,Light drizzle,54.2,49.3,92,97,0.008,0.008,0.0,13.2,26.8,161,SSE,63,Moderate rain,51.0,55.6,45.0,0.465,0.465,0.0,16.0,14.6,30.2,184,S,45.72,-122.803,45.729347,-122.791794,1.0,ecmwf_ifs
2021-22,2021-11-06,America/Los_Angeles,2021-11-06T07:58,2021-11-06T07:28,2021-11-06T07:00,-28,53,Moderate drizzle,45.0,39.2,95,100,0.035,0.035,0.0,9.9,21.3,176,S,61,Slight rain,45.1,48.4,41.8,0.858,0.858,0.0,22.0,13.1,29.1,186,S,45.72,-122.803,45.729347,-122.791794,1.0,ecmwf_ifs
2021-22,2021-11-08,America/Los_Angeles,2021-11-08T08:01,2021-11-08T07:31,2021-11-08T08:00,29,1,Mainly clear,42.6,39.4,95,22,0.0,0.0,0.0,2.7,5.8,95,E,61,Slight rain,46.7,53.9,41.6,0.051,0.051,0.0,1.0,10.6,19.9,123,ESE,45.72,-122.803,45.729347,-122.791794,1.0,ecmwf_ifs
2021-22,2021-11-10,America/Los_Angeles,2021-11-10T08:04,2021-11-10T07:34,2021-11-10T08:00,26,51,Light drizzle,42.1,38.8,99,99,0.016,0.016,0.0,2.9,5.8,129,SE,63,Moderate rain,46.2,51.1,41.9,0.287,0.287,0.0,10.0,6.5,16.8,136,SE,45.72,-122.803,45.729347,-122.791794,1.0,ecmwf_ifs
2021-22,2021-11-12,America/Los_Angeles,2021-11-12T08:07,2021-11-12T07:37,2021-11-12T08:00,23,61,Slight rain,57.7,57.6,99,100,0.075,0.075,0.0,6.1,14.5,184,S,63,Moderate rain,56.3,58.2,49.6,1.354,1.354,0.0,19.0,10.6,25.9,199,SSW,45.72,-122.803,45.729347,-122.791794,1.0,ecmwf_ifs
2021-22,2021-11-14,America/Los_Angeles,2021-11-14T08:10,2021-11-14T07:40,2021-11-14T08:00,20,51,Light drizzle,57.7,56.1,99,100,0.008,0.008,0.0,9.2,19.0,194,SSW,51,Light drizzle,58.1,60.6,55.7,0.043,0.043,0.0,8.0,10.9,21.9,192,SSW,45.72,-122.803,45.729347,-122.791794,1.0,ecmwf_ifs
2021-22,2021-11-16,America/Los_Angeles,2021-11-16T08:12,2021-11-16T07:42,2021-11-16T08:00,18,53,Moderate drizzle,40.0,36.4,95,57,0.035,0.035,0.0,2.2,5.6,204,SSW,53,Moderate drizzle,43.2,50.0,37.9,0.059,0.059,0.0,3.0,5.0,13.0,250,WSW,45.72,-122.803,45.729347,-122.791794,1.0,ecmwf_ifs
2021-22,2021-11-18,America/Los_Angeles,2021-11-18T08:15,2021-11-18T07:45,2021-11-18T08:00,15,3,Overcast,41.3,37.8,87,100,0.0,0.0,0.0,1.4,5.4,252,WSW,63,Moderate rain,44.3,50.5,41.3,0.39,0.39,0.0,9.0,6.2,13.0,177,S,45.72,-122.803,45.729347,-122.791794,1.0,ecmwf_ifs
2021-22,2021-11-20,America/Los_Angeles,2021-11-20T08:18,2021-11-20T07:48,2021-11-20T08:00,12,3,Overcast,41.6,39.2,96,93,0.0,0.0,0.0,0.5,4.3,333,NNW,51,Light drizzle,43.2,50.1,37.0,0.004,0.004,0.0,1.0,4.6,10.1,4,N,45.72,-122.803,45.729347,-122.791794,1.0,ecmwf_ifs
2021-22,2021-11-22,America/Los_Angeles,2021-11-22T08:20,2021-11-22T07:50,2021-11-22T08:00,10,3,Overcast,35.5,29.9,92,100,0.0,0.0,0.0,4.7,10.7,183,S,63,Moderate rain,39.7,46.0,35.2,0.327,0.327,0.0,6.0,5.5,11.4,167,SSE,45.72,-122.803,45.729347,-122.791794,1.0,ecmwf_ifs
2021-22,2021-11-24,America/Los_Angeles,2021-11-24T08:23,2021-11-24T07:53,2021-11-24T08:00,7,3,Overcast,38.2,34.8,100,100,0.0,0.0,0.0,1.5,3.1,333,NNW,3,Overcast,40.8,46.6,37.8,0.0,0.0,0.0,0.0,3.0,7.4,260,W,45.72,-122.803,45.729347,-122.791794,1.0,ecmwf_ifs
2021-22,2021-11-27,America/Los_Angeles,2021-11-27T08:27,2021-11-27T07:57,2021-11-27T08:00,3,51,Light drizzle,48.3,46.5,99,100,0.004,0.004,0.0,3.0,6.7,193,SSW,61,Slight rain,51.6,56.5,46.6,0.173,0.173,0.0,13.0,10.2,20.1,186,S,45.72,-122.803,45.729347,-122.791794,1.0,ecmwf_ifs
2021-22,2021-11-29,America/Los_Angeles,2021-11-29T08:29,2021-11-29T07:59,2021-11-29T08:00,1,51,Light drizzle,51.8,50.7,98,100,0.016,0.016,0.0,3.6,6.5,158,SSE,53,Moderate drizzle,53.0,56.4,49.5,0.055,0.055,0.0,6.0,5.5,11.4,171,S,45.72,-122.803,45.729347,-122.791794,1.0,ecmwf_ifs
2021-22,2021-12-01,America/Los_Angeles,2021-12-01T08:32,2021-12-01T08:02,2021-12-01T08:00,-2,3,Overcast,47.8,46.6,100,100,0.0,0.0,0.0,1.6,3.1,56,NE,3,Overcast,49.9,55.4,45.5,0.0,0.0,0.0,0.0,4.2,8.1,212,SSW,45.72,-122.803,45.729347,-122.791794,1.0,ecmwf_ifs
2021-22,2021-12-03,America/Los_Angeles,2021-12-03T08:34,2021-12-03T08:04,2021-12-03T08:00,-4,1,Mainly clear,37.3,31.8,95,23,0.0,0.0,0.0,5.6,11.4,344,NNW,3,Overcast,41.2,49.5,35.9,0.0,0.0,0.0,0.0,6.6,14.1,338,NNW,45.72,-122.803,45.729347,-122.791794,1.0,ecmwf_ifs
2021-22,2021-12-05,America/Los_Angeles,2021-12-05T08:36,2021-12-05T08:06,2021-12-05T08:00,-6,3,Overcast,36.4,33.1,100,100,0.0,0.0,0.0,0.5,3.4,207,SSW,3,Overcast,38.5,42.8,33.7,0.0,0.0,0.0,0.0,7.7,17.9,338,NNW,45.72,-122.803,45.729347,-122.791794,1.0,ecmwf_ifs
2021-22,2021-12-07,America/Los_Angeles,2021-12-07T08:38,2021-12-07T08:08,2021-12-07T08:00,-8,3,Overcast,45.2,43.2,99,100,0.0,0.0,0.0,1.7,4.0,220,SW,51,Light drizzle,47.0,50.1,44.2,0.047,0.047,0.0,7.0,4.0,7.4,172,S,45.72,-122.803,45.729347,-122.791794,1.0,ecmwf_ifs
2021-22,2021-12-09,America/Los_Angeles,2021-12-09T08:40,2021-12-09T08:10,2021-12-09T08:00,-10,73,Moderate snow fall,34.1,29.4,98,89,0.051,0.012,0.276,2.7,6.9,189,S,73,Moderate snow fall,36.4,42.8,31.8,0.335,0.236,0.689,14.0,7.6,18.6,207,SSW,45.72,-122.803,45.729347,-122.791794,1.0,ecmwf_ifs
2021-22,2021-12-11,America/Los_Angeles,2021-12-11T08:42,2021-12-11T08:12,2021-12-11T08:00,-12,63,Moderate rain,43.3,34.3,97,100,0.098,0.098,0.0,16.7,35.8,187,S,63,Moderate rain,43.4,46.6,39.5,1.37,1.37,0.0,21.0,19.3,39.8,190,S,45.72,-122.803,45.729347,-122.791794,1.0,ecmwf_ifs
2021-22,2021-12-13,America/Los_Angeles,2021-12-13T08:44,2021-12-13T08:14,2021-12-13T08:00,-14,3,Overcast,37.3,33.0,98,100,0.0,0.0,0.0,3.1,8.1,184,S,61,Slight rain,38.6,40.7,36.4,0.386,0.386,0.0,19.0,10.5,22.1,178,S,45.72,-122.803,45.729347,-122.791794,1.0,ecmwf_ifs
2021-22,2021-12-15,America/Los_Angeles,2021-12-15T08:45,2021-12-15T08:15,2021-12-15T08:00,-15,51,Light drizzle,38.4,30.4,74,100,0.004,0.004,0.0,9.5,18.8,135,SE,71,Slight snow fall,36.6,38.4,34.2,0.173,0.169,0.028,16.0,10.1,20.4,134,SE,45.72,-122.803,45.729347,-122.791794,1.0,ecmwf_ifs
2021-22,2021-12-17,America/Los_Angeles,2021-12-17T08:46,2021-12-17T08:16,2021-12-17T08:00,-16,3,Overcast,32.7,28.0,100,100,0.0,0.0,0.0,2.3,5.8,349,N,53,Moderate drizzle,36.2,39.7,31.8,0.063,0.063,0.0,5.0,4.5,7.4,289,WNW,45.72,-122.803,45.729347,-122.791794,1.0,ecmwf_ifs
2021-22,2021-12-19,America/Los_Angeles,2021-12-19T08:48,2021-12-19T08:18,2021-12-19T08:00,-18,3,Overcast,34.6,30.2,98,100,0.0,0.0,0.0,2.1,6.7,18,NNE,75,Heavy snow fall,36.8,39.7,34.2,0.874,0.693,1.268,20.0,5.4,9.6,347,NNW,45.72,-122.803,45.729347,-122.791794,1.0,ecmwf_ifs
2021-22,2021-12-21,America/Los_Angeles,2021-12-21T08:49,2021-12-21T08:19,2021-12-21T08:00,-19,3,Overcast,32.9,27.6,98,100,0.0,0.0,0.0,3.6,5.8,270,W,61,Slight rain,38.2,42.8,32.9,0.161,0.161,0.0,7.0,5.1,11.2,222,SW,45.72,-122.803,45.729347,-122.791794,1.0,ecmwf_ifs
2021-22,2021-12-23,America/Los_Angeles,2021-12-23T08:50,2021-12-23T08:20,2021-12-23T08:00,-20,51,Light drizzle,40.8,35.7,94,100,0.004,0.004,0.0,6.1,12.3,208,SSW,55,Dense drizzle,42.0,45.1,38.5,0.13,0.13,0.0,16.0,12.4,25.1,212,SSW,45.72,-122.803,45.729347,-122.791794,1.0,ecmwf_ifs
2021-22,2021-12-26,America/Los_Angeles,2021-12-26T08:51,2021-12-26T08:21,2021-12-26T08:00,-21,1,Mainly clear,29.3,21.4,92,33,0.0,0.0,0.0,8.0,17.0,203,SSW,71,Slight snow fall,31.3,36.6,29.1,0.043,0.0,0.331,10.0,12.1,27.1,206,SSW,45.72,-122.803,45.729347,-122.791794,1.0,ecmwf_ifs
2021-22,2021-12-28,America/Los_Angeles,2021-12-28T08:51,2021-12-28T08:21,2021-12-28T08:00,-21,73,Moderate snow fall,30.5,25.4,94,100,0.012,0.0,0.083,1.9,4.7,135,SE,73,Moderate snow fall,32.1,35.4,29.5,0.13,0.008,0.854,16.0,4.3,10.1,129,SE,45.72,-122.803,45.729347,-122.791794,1.0,ecmwf_ifs
2021-22,2021-12-30,America/Los_Angeles,2021-12-30T08:52,2021-12-30T08:22,2021-12-30T08:00,-22,75,Heavy snow fall,34.3,26.0,92,100,0.071,0.008,0.441,10.8,23.3,204,SSW,75,Heavy snow fall,35.2,44.0,26.2,0.315,0.134,1.295,18.0,12.3,25.3,219,SW,45.72,-122.803,45.729347,-122.791794,1.0,ecmwf_ifs
2021-22,2022-01-01,America/Los_Angeles,2022-01-01T08:52,2022-01-01T08:22,2022-01-01T08:00,-22,3,Overcast,21.4,15.5,92,94,0.0,0.0,0.0,1.1,2.7,360,N,3,Overcast,26.5,34.4,21.4,0.0,0.0,0.0,0.0,4.5,11.9,133,SE,45.72,-122.803,45.729347,-122.791794,1.0,ecmwf_ifs
2021-22,2022-01-03,America/Los_Angeles,2022-01-03T08:52,2022-01-03T08:22,2022-01-03T08:00,-22,61,Slight rain,35.8,29.2,100,100,0.067,0.067,0.0,8.0,18.6,153,SSE,73,Moderate snow fall,37.9,42.8,33.1,1.783,1.772,0.083,21.0,14.2,29.8,186,S,45.72,-122.803,45.729347,-122.791794,1.0,ecmwf_ifs
2021-22,2022-01-05,America/Los_Angeles,2022-01-05T08:51,2022-01-05T08:21,2022-01-05T08:00,-21,53,Moderate drizzle,37.8,33.4,98,100,0.028,0.028,0.0,3.2,5.8,214,SW,71,Slight snow fall,38.3,41.4,34.0,0.772,0.768,0.028,21.0,5.7,11.4,208,SSW,45.72,-122.803,45.729347,-122.791794,1.0,ecmwf_ifs
2021-22,2022-01-07,America/Los_Angeles,2022-01-07T08:51,2022-01-07T08:21,2022-01-07T08:00,-21,63,Moderate rain,46.8,43.3,98,100,0.177,0.177,0.0,5.9,20.1,217,SW,65,Heavy rain,44.0,47.5,39.3,1.031,1.031,0.0,16.0,14.8,30.6,217,SW,45.72,-122.803,45.729347,-122.791794,1.0,ecmwf_ifs
2021-22,2022-01-09,America/Los_Angeles,2022-01-09T08:50,2022-01-09T08:20,2022-01-09T08:00,-20,0,Clear sky,29.4,22.7,94,16,0.0,0.0,0.0,5.4,7.4,312,NW,3,Overcast,38.4,49.3,29.1,0.0,0.0,0.0,0.0,5.4,9.2,313,NW,45.72,-122.803,45.729347,-122.791794,1.0,ecmwf_ifs
2021-22,2022-01-11,America/Los_Angeles,2022-01-11T08:49,2022-01-11T08:19,2022-01-11T08:00,-19,61,Slight rain,41.8,38.1,98,100,0.071,0.071,0.0,3.8,8.7,180,S,61,Slight rain,45.3,50.6,40.5,0.374,0.374,0.0,13.0,8.1,17.0,172,S,45.72,-122.803,45.729347,-122.791794,1.0,ecmwf_ifs
2021-22,2022-01-13,America/Los_Angeles,2022-01-13T08:49,2022-01-13T08:19,2022-01-13T08:00,-19,51,Light drizzle,46.6,42.3,98,100,0.016,0.016,0.0,7.9,15.7,160,SSE,61,Slight rain,45.5,47.2,40.7,0.437,0.437,0.0,15.0,10.0,20.6,154,SSE,45.72,-122.803,45.729347,-122.791794,1.0,ecmwf_ifs
2021-22,2022-01-15,America/Los_Angeles,2022-01-15T08:47,2022-01-15T08:17,2022-01-15T08:00,-17,3,Overcast,37.1,33.8,100,100,0.0,0.0,0.0,0.8,3.1,34,NE,3,Overcast,38.9,47.0,34.3,0.0,0.0,0.0,0.0,3.8,7.6,321,NW,45.72,-122.803,45.729347,-122.791794,1.0,ecmwf_ifs
2021-22,2022-01-17,America/Los_Angeles,2022-01-17T08:46,2022-01-17T08:16,2022-01-17T08:00,-16,3,Overcast,36.5,31.7,96,100,0.0,0.0,0.0,3.7,7.6,115,ESE,3,Overcast,39.4,47.8,35.8,0.0,0.0,0.0,0.0,4.6,11.0,148,SSE,45.72,-122.803,45.729347,-122.791794,1.0,ecmwf_ifs
2021-22,2022-01-19,America/Los_Angeles,2022-01-19T08:45,2022-01-19T08:15,2022-01-19T08:00,-15,51,Light drizzle,43.5,41.2,99,100,0.008,0.008,0.0,1.4,2.9,81,E,55,Dense drizzle,45.3,47.3,43.5,0.228,0.228,0.0,13.0,5.1,10.3,145,SE,45.72,-122.803,45.729347,-122.791794,1.0,ecmwf_ifs
2021-22,2022-01-21,America/Los_Angeles,2022-01-21T08:43,2022-01-21T08:13,2022-01-21T08:00,-13,3,Overcast,36.6,31.3,98,100,0.0,0.0,0.0,5.0,8.1,324,NW,3,Overcast,42.6,50.0,36.6,0.0,0.0,0.0,0.0,7.4,16.6,331,NNW,45.72,-122.803,45.729347,-122.791794,1.0,ecmwf_ifs
2021-22,2022-01-23,America/Los_Angeles,2022-01-23T08:42,2022-01-23T08:12,2022-01-23T08:00,-12,3,Overcast,33.3,27.1,90,81,0.0,0.0,0.0,4.9,8.3,355,N,3,Overcast,40.2,52.3,33.3,0.0,0.0,0.0,0.0,4.9,9.2,357,N,45.72,-122.803,45.729347,-122.791794,1.0,ecmwf_ifs
2021-22,2022-01-25,America/Los_Angeles,2022-01-25T08:40,2022-01-25T08:10,2022-01-25T08:00,-10,0,Clear sky,33.1,27.0,87,3,0.0,0.0,0.0,4.5,8.3,323,NW,3,Overcast,37.8,48.1,30.7,0.0,0.0,0.0,0.0,5.7,11.0,314,NW,45.72,-122.803,45.729347,-122.791794,1.0,ecmwf_ifs
2021-22,2022-01-27,America/Los_Angeles,2022-01-27T08:38,2022-01-27T08:08,2022-01-27T08:00,-8,0,Clear sky,30.7,24.9,90,7,0.0,0.0,0.0,3.4,6.0,274,W,3,Overcast,35.6,47.5,28.9,0.0,0.0,0.0,0.0,5.3,11.9,293,WNW,45.72,-122.803,45.729347,-122.791794,1.0,ecmwf_ifs
2021-22,2022-01-29,America/Los_Angeles,2022-01-29T08:35,2022-01-29T08:05,2022-01-29T08:00,-5,3,Overcast,28.7,22.6,92,100,0.0,0.0,0.0,3.6,6.9,227,SW,3,Overcast,34.4,48.0,27.0,0.0,0.0,0.0,0.0,5.6,11.4,199,SSW,45.72,-122.803,45.729347,-122.791794,1.0,ecmwf_ifs
2022-23,2022-10-15,America/Los_Angeles,2022-10-15T07:27,2022-10-15T06:57,2022-10-15T07:00,3,3,Overcast,55.7,52.5,70,96,0.0,0.0,0.0,5.2,10.7,350,N,3,Overcast,66.8,81.9,55.7,0.0,0.0,0.0,0.0,7.4,16.3,358,N,45.72,-122.803,45.729347,-122.791794,1.0,ecmwf_ifs
2022-23,2022-10-17,America/Los_Angeles,2022-10-17T07:30,2022-10-17T07:00,2022-10-17T07:00,0,3,Overcast,52.7,52.2,99,100,0.0,0.0,0.0,2.9,6.7,337,NNW,3,Overcast,58.0,69.2,52.3,0.0,0.0,0.0,0.0,5.1,10.1,353,N,45.72,-122.803,45.729347,-122.791794,1.0,ecmwf_ifs
2022-23,2022-10-19,America/Los_Angeles,2022-10-19T07:33,2022-10-19T07:03,2022-10-19T07:00,-3,2,Partly cloudy,52.4,51.2,96,50,0.0,0.0,0.0,3.9,8.3,350,N,2,Partly cloudy,62.0,76.4,51.3,0.0,0.0,0.0,0.0,10.3,20.1,341,NNW,45.72,-122.803,45.729347,-122.791794,1.0,ecmwf_ifs
2022-23,2022-10-21,America/Los_Angeles,2022-10-21T07:36,2022-10-21T07:06,2022-10-21T07:00,-6,3,Overcast,51.5,49.9,86,100,0.0,0.0,0.0,2.2,7.6,315,NW,63,Moderate rain,50.1,53.0,47.4,0.815,0.815,0.0,13.0,9.5,23.3,144,SE,45.72,-122.803,45.729347,-122.791794,1.0,ecmwf_ifs
2022-23,2022-10-23,America/Los_Angeles,2022-10-23T07:38,2022-10-23T07:08,2022-10-23T07:00,-8,51,Light drizzle,42.7,39.5,98,17,0.008,0.008,0.0,2.9,4.9,189,S,51,Light drizzle,47.8,55.9,40.7,0.047,0.047,0.0,9.0,5.1,13.9,177,S,45.72,-122.803,45.729347,-122.791794,1.0,ecmwf_ifs
2022-23,2022-10-25,America/Los_Angeles,2022-10-25T07:41,2022-10-25T07:11,2022-10-25T07:00,-11,3,Overcast,42.5,39.4,100,100,0.0,0.0,0.0,3.0,6.5,197,SSW,63,Moderate rain,46.8,53.3,41.9,0.449,0.449,0.0,9.0,13.0,29.3,200,SSW,45.72,-122.803,45.729347,-122.791794,1.0,ecmwf_ifs
2022-23,2022-10-27,America/Los_Angeles,2022-10-27T07:44,2022-10-27T07:14,2022-10-27T07:00,-14,3,Overcast,42.8,39.8,99,99,0.0,0.0,0.0,2.7,6.3,156,SSE,3,Overcast,49.4,59.0,42.8,0.0,0.0,0.0,0.0,6.2,15.0,168,SSE,45.72,-122.803,45.729347,-122.791794,1.0,ecmwf_ifs
2022-23,2022-10-29,America/Los_Angeles,2022-10-29T07:47,2022-10-29T07:17,2022-10-29T07:00,-17,3,Overcast,48.0,45.9,99,100,0.0,0.0,0.0,3.6,7.6,330,NNW,51,Light drizzle,51.1,58.9,45.5,0.008,0.008,0.0,2.0,5.5,9.8,324,NW,45.72,-122.803,45.729347,-122.791794,1.0,ecmwf_ifs
2022-23,2022-11-03,America/Los_Angeles,2022-11-03T07:54,2022-11-03T07:24,2022-11-03T07:00,-24,3,Overcast,40.5,36.1,96,100,0.0,0.0,0.0,4.3,9.8,189,S,55,Dense drizzle,42.1,46.3,39.8,0.201,0.201,0.0,12.0,12.1,24.8,181,S,45.72,-122.803,45.729347,-122.791794,1.0,ecmwf_ifs
2022-23,2022-11-05,America/Los_Angeles,2022-11-05T07:57,2022-11-05T07:27,2022-11-05T07:00,-27,51,Light drizzle,44.0,39.9,90,100,0.004,0.004,0.0,4.6,10.1,219,SW,53,Moderate drizzle,46.3,53.2,41.1,0.15,0.15,0.0,12.0,13.9,27.7,265,W,45.72,-122.803,45.729347,-122.791794,1.0,ecmwf_ifs
2022-23,2022-11-07,America/Los_Angeles,2022-11-07T07:59,2022-11-07T07:29,2022-11-07T07:00,-29,73,Moderate snow fall,38.0,32.9,99,100,0.055,0.043,0.083,5.4,12.5,156,SSE,73,Moderate snow fall,39.8,45.6,36.5,0.181,0.165,0.11,10.0,12.2,27.3,173,S,45.72,-122.803,45.729347,-122.791794,1.0,ecmwf_ifs
2022-23,2022-11-09,America/Los_Angeles,2022-11-09T08:02,2022-11-09T07:32,2022-11-09T08:00,28,0,Clear sky,32.1,25.8,93,4,0.0,0.0,0.0,5.2,11.9,329,NNW,3,Overcast,38.4,46.5,32.1,0.0,0.0,0.0,0.0,8.0,15.9,356,N,45.72,-122.803,45.729347,-122.791794,1.0,ecmwf_ifs
2022-23,2022-11-11,America/Los_Angeles,2022-11-11T08:05,2022-11-11T07:35,2022-11-11T08:00,25,3,Overcast,40.1,35.8,76,100,0.0,0.0,0.0,1.5,3.8,207,SSW,51,Light drizzle,40.2,46.1,34.8,0.012,0.012,0.0,3.0,7.5,15.7,105,ESE,45.72,-122.803,45.729347,-122.791794,1.0,ecmwf_ifs
2022-23,2022-11-13,America/Los_Angeles,2022-11-13T08:08,2022-11-13T07:38,2022-11-13T08:00,22,3,Overcast,33.6,28.8,99,100,0.0,0.0,0.0,2.8,6.3,29,NNE,3,Overcast,38.8,47.0,32.7,0.0,0.0,0.0,0.0,7.1,13.4,353,N,45.72,-122.803,45.729347,-122.791794,1.0,ecmwf_ifs
2022-23,2022-11-15,America/Los_Angeles,2022-11-15T08:11,2022-11-15T07:41,2022-11-15T08:00,19,0,Clear sky,33.6,27.4,79,16,0.0,0.0,0.0,4.3,8.5,28,NNE,1,Mainly clear,38.5,49.6,30.6,0.0,0.0,0.0,0.0,5.0,10.5,334,NNW,45.72,-122.803,45.729347,-122.791794,1.0,ecmwf_ifs
2022-23,2022-11-17,America/Los_Angeles,2022-11-17T08:13,2022-11-17T07:43,2022-11-17T08:00,17,2,Partly cloudy,30.8,24.3,83,76,0.0,0.0,0.0,4.5,8.9,273,W,3,Overcast,34.5,43.3,28.9,0.0,0.0,0.0,0.0,5.2,10.3,271,W,45.72,-122.803,45.729347,-122.791794,1.0,ecmwf_ifs
2022-23,2022-11-19,America/Los_Angeles,2022-11-19T08:16,2022-11-19T07:46,2022-11-19T08:00,14,0,Clear sky,27.6,20.7,75,0,0.0,0.0,0.0,3.8,6.0,298,WNW,3,Overcast,35.5,44.8,27.6,0.0,0.0,0.0,0.0,5.4,12.1,322,NW,45.72,-122.803,45.729347,-122.791794,1.0,ecmwf_ifs
2022-23,2022-11-21,America/Los_Angeles,2022-11-21T08:19,2022-11-21T07:49,2022-11-21T08:00,11,3,Overcast,33.4,28.1,85,98,0.0,0.0,0.0,2.5,6.0,260,W,3,Overcast,37.7,47.8,30.1,0.0,0.0,0.0,0.0,4.2,8.3,246,WSW,45.72,-122.803,45.729347,-122.791794,1.0,ecmwf_ifs
2022-23,2022-11-23,America/Los_Angeles,2022-11-23T08:21,2022-11-23T07:51,2022-11-23T08:00,9,3,Overcast,40.3,37.0,98,100,0.0,0.0,0.0,2.0,4.9,243,WSW,3,Overcast,40.9,47.2,35.2,0.0,0.0,0.0,0.0,4.9,8.1,245,WSW,45.72,-122.803,45.729347,-122.791794,1.0,ecmwf_ifs
2022-23,2022-11-26,America/Los_Angeles,2022-11-26T08:25,2022-11-26T07:55,2022-11-26T08:00,5,2,Partly cloudy,32.5,28.1,100,58,0.0,0.0,0.0,1.6,3.6,254,WSW,51,Light drizzle,37.3,43.8,30.0,0.004,0.004,0.0,1.0,5.7,11.2,197,SSW,45.72,-122.803,45.729347,-122.791794,1.0,ecmwf_ifs
2022-23,2022-11-28,America/Los_Angeles,2022-11-28T08:28,2022-11-28T07:58,2022-11-28T08:00,2,0,Clear sky,30.9,25.2,98,12,0.0,0.0,0.0,4.0,6.5,207,SSW,53,Moderate drizzle,36.3,44.8,27.7,0.043,0.043,0.0,5.0,5.0,13.2,239,WSW,45.72,-122.803,45.729347,-122.791794,1.0,ecmwf_ifs
2022-23,2022-11-30,America/Los_Angeles,2022-11-30T08:30,2022-11-30T08:00,2022-11-30T08:00,0,61,Slight rain,41.5,37.6,97,78,0.063,0.063,0.0,3.8,10.7,220,SW,63,Moderate rain,41.0,44.5,35.8,1.378,1.378,0.0,21.0,16.4,37.6,195,SSW,45.72,-122.803,45.729347,-122.791794,1.0,ecmwf_ifs
2022-23,2022-12-02,America/Los_Angeles,2022-12-02T08:33,2022-12-02T08:03,2022-12-02T08:00,-3,3,Overcast,31.4,25.9,96,100,0.0,0.0,0.0,3.3,8.1,138,SE,71,Slight snow fall,34.4,40.6,27.6,0.039,0.035,0.028,5.0,8.2,18.3,138,SE,45.72,-122.803,45.729347,-122.791794,1.0,ecmwf_ifs
2022-23,2022-12-04,America/Los_Angeles,2022-12-04T08:35,2022-12-04T08:05,2022-12-04T08:00,-5,71,Slight snow fall,33.6,28.7,73,100,0.004,0.0,0.028,0.5,5.4,297,WNW,73,Moderate snow fall,33.2,35.5,28.9,0.079,0.008,0.496,11.0,6.3,11.0,300,WNW,45.72,-122.803,45.729347,-122.791794,1.0,ecmwf_ifs
2022-23,2022-12-06,America/Los_Angeles,2022-12-06T08:37,2022-12-06T08:07,2022-12-06T08:00,-7,3,Overcast,35.8,31.7,91,100,0.0,0.0,0.0,1.1,4.9,127,SE,51,Light drizzle,37.0,39.7,34.3,0.004,0.004,0.0,1.0,3.3,7.8,139,SE,45.72,-122.803,45.729347,-122.791794,1.0,ecmwf_ifs
2022-23,2022-12-08,America/Los_Angeles,2022-12-08T08:39,2022-12-08T08:09,2022-12-08T08:00,-9,61,Slight rain,39.1,34.4,98,100,0.079,0.079,0.0,4.8,10.5,143,SE,75,Heavy snow fall,38.7,40.3,36.1,0.823,0.717,0.744,22.0,7.9,16.8,145,SE,45.72,-122.803,45.729347,-122.791794,1.0,ecmwf_ifs
2022-23,2022-12-10,America/Los_Angeles,2022-12-10T08:41,2022-12-10T08:11,2022-12-10T08:00,-11,61,Slight rain,43.3,37.2,98,100,0.059,0.059,0.0,10.0,21.7,160,SSE,63,Moderate rain,42.0,43.4,38.8,0.894,0.894,0.0,22.0,10.8,24.8,147,SSE,45.72,-122.803,45.729347,-122.791794,1.0,ecmwf_ifs
2022-23,2022-12-12,America/Los_Angeles,2022-12-12T08:42,2022-12-12T08:12,2022-12-12T08:00,-12,1,Mainly clear,37.0,32.2,95,32,0.0,0.0,0.0,3.6,8.1,300,WNW,3,Overcast,40.3,46.1,35.8,0.0,0.0,0.0,0.0,6.5,13.9,316,NW,45.72,-122.803,45.729347,-122.791794,1.0,ecmwf_ifs
2022-23,2022-12-14,America/Los_Angeles,2022-12-14T08:44,2022-12-14T08:14,2022-12-14T08:00,-14,3,Overcast,31.2,26.1,100,100,0.0,0.0,0.0,2.7,5.4,351,N,3,Overcast,35.4,42.8,30.2,0.0,0.0,0.0,0.0,8.3,16.1,346,NNW,45.72,-122.803,45.729347,-122.791794,1.0,ecmwf_ifs
2022-23,2022-12-16,America/Los_Angeles,2022-12-16T08:45,2022-12-16T08:15,2022-12-16T08:00,-15,2,Partly cloudy,29.8,23.6,85,56,0.0,0.0,0.0,3.6,8.1,7,N,3,Overcast,34.2,43.9,28.9,0.0,0.0,0.0,0.0,5.1,11.2,348,NNW,45.72,-122.803,45.729347,-122.791794,1.0,ecmwf_ifs
2022-23,2022-12-18,America/Los_Angeles,2022-12-18T08:47,2022-12-18T08:17,2022-12-18T08:00,-17,53,Moderate drizzle,36.5,30.9,93,100,0.02,0.02,0.0,5.2,12.3,227,SW,53,Moderate drizzle,37.8,43.5,33.3,0.102,0.102,0.0,12.0,8.2,17.0,223,SW,45.72,-122.803,45.729347,-122.791794,1.0,ecmwf_ifs
2022-23,2022-12-20,America/Los_Angeles,2022-12-20T08:48,2022-12-20T08:18,2022-12-20T08:00,-18,3,Overcast,36.4,30.7,97,100,0.0,0.0,0.0,5.9,11.9,162,SSE,63,Moderate rain,39.0,45.3,33.8,0.661,0.661,0.0,17.0,11.2,23.9,200,SSW,45.72,-122.803,45.729347,-122.791794,1.0,ecmwf_ifs
2022-23,2022-12-22,America/Los_Angeles,2022-12-22T08:49,2022-12-22T08:19,2022-12-22T08:00,-19,3,Overcast,15.5,6.8,50,100,0.0,0.0,0.0,4.9,11.0,294,WNW,71,Slight snow fall,18.0,21.5,15.1,0.071,0.063,0.055,4.0,7.5,14.3,291,WNW,45.72,-122.803,45.729347,-122.791794,1.0,ecmwf_ifs
2022-23,2022-12-24,America/Los_Angeles,2022-12-24T08:50,2022-12-24T08:20,2022-12-24T08:00,-20,3,Overcast,34.3,27.6,91,100,0.0,0.0,0.0,6.6,12.8,204,SSW,63,Moderate rain,34.8,41.5,31.4,0.602,0.602,0.0,15.0,7.4,14.5,197,SSW,45.72,-122.803,45.729347,-122.791794,1.0,ecmwf_ifs
2022-23,2022-12-26,America/Los_Angeles,2022-12-26T08:51,2022-12-26T08:21,2022-12-26T08:00,-21,51,Light drizzle,49.8,46.4,99,100,0.008,0.008,0.0,7.7,17.2,163,SSE,63,Moderate rain,44.5,51.9,37.8,2.039,2.039,0.0,23.0,11.3,27.7,156,SSE,45.72,-122.803,45.729347,-122.791794,1.0,ecmwf_ifs
2022-23,2022-12-28,America/Los_Angeles,2022-12-28T08:51,2022-12-28T08:21,2022-12-28T08:00,-21,0,Clear sky,36.5,31.2,99,17,0.0,0.0,0.0,5.0,10.5,207,SSW,51,Light drizzle,41.3,46.7,36.4,0.028,0.028,0.0,5.0,8.1,16.8,198,SSW,45.72,-122.803,45.729347,-122.791794,1.0,ecmwf_ifs
2022-23,2022-12-30,America/Los_Angeles,2022-12-30T08:51,2022-12-30T08:21,2022-12-30T08:00,-21,3,Overcast,43.8,38.4,98,100,0.0,0.0,0.0,8.7,17.0,192,SSW,63,Moderate rain,44.2,48.3,39.3,0.563,0.563,0.0,16.0,10.1,19.9,182,S,45.72,-122.803,45.729347,-122.791794,1.0,ecmwf_ifs
2022-23,2023-01-01,America/Los_Angeles,2023-01-01T08:52,2023-01-01T08:22,2023-01-01T08:00,-22,3,Overcast,40.6,37.4,97,100,0.0,0.0,0.0,1.8,4.5,270,W,3,Overcast,39.5,42.8,34.4,0.0,0.0,0.0,0.0,4.0,8.3,345,NNW,45.72,-122.803,45.729347,-122.791794,1.0,ecmwf_ifs
2022-23,2023-01-03,America/Los_Angeles,2023-01-03T08:51,2023-01-03T08:21,2023-01-03T08:00,-21,3,Overcast,37.1,33.2,93,100,0.0,0.0,0.0,1.5,4.9,153,SSE,61,Slight rain,39.8,47.3,35.4,0.272,0.272,0.0,7.0,11.4,23.0,133,SE,45.72,-122.803,45.729347,-122.791794,1.0,ecmwf_ifs
2022-23,2023-01-05,America/Los_Angeles,2023-01-05T08:51,2023-01-05T08:21,2023-01-05T08:00,-21,3,Overcast,46.6,36.5,58,100,0.0,0.0,0.0,15.0,31.1,112,ESE,55,Dense drizzle,46.4,49.4,43.6,0.197,0.197,0.0,10.0,15.4,31.1,136,SE,45.72,-122.803,45.729347,-122.791794,1.0,ecmwf_ifs
2022-23,2023-01-07,America/Los_Angeles,2023-01-07T08:51,2023-01-07T08:21,2023-01-07T08:00,-21,53,Moderate drizzle,43.2,39.4,93,100,0.02,0.02,0.0,3.8,7.6,93,E,55,Dense drizzle,43.1,47.1,37.7,0.24,0.24,0.0,15.0,8.7,17.0,125,SE,45.72,-122.803,45.729347,-122.791794,1.0,ecmwf_ifs
2022-23,2023-01-09,America/Los_Angeles,2023-01-09T08:50,2023-01-09T08:20,2023-01-09T08:00,-20,55,Dense drizzle,40.7,32.7,93,100,0.043,0.043,0.0,12.8,27.7,97,E,61,Slight rain,43.0,48.7,35.7,0.362,0.362,0.0,14.0,16.2,32.7,135,SE,45.72,-122.803,45.729347,-122.791794,1.0,ecmwf_ifs
2022-23,2023-01-11,America/Los_Angeles,2023-01-11T08:50,2023-01-11T08:20,2023-01-11T08:00,-20,3,Overcast,39.4,34.9,92,97,0.0,0.0,0.0,3.7,11.4,147,SSE,63,Moderate rain,43.8,51.2,39.4,0.571,0.571,0.0,14.0,8.8,17.9,131,SE,45.72,-122.803,45.729347,-122.791794,1.0,ecmwf_ifs
2022-23,2023-01-13,America/Los_Angeles,2023-01-13T08:49,2023-01-13T08:19,2023-01-13T08:00,-19,61,Slight rain,47.1,44.4,88,100,0.051,0.051,0.0,2.8,7.4,166,SSE,63,Moderate rain,47.4,49.8,45.1,0.618,0.618,0.0,19.0,5.7,14.3,158,SSE,45.72,-122.803,45.729347,-122.791794,1.0,ecmwf_ifs
2022-23,2023-01-15,America/Los_Angeles,2023-01-15T08:48,2023-01-15T08:18,2023-01-15T08:00,-18,61,Slight rain,43.4,36.6,97,100,0.067,0.067,0.0,11.9,24.2,148,SSE,63,Moderate rain,44.0,46.0,42.4,0.555,0.555,0.0,20.0,14.4,29.3,171,S,45.72,-122.803,45.729347,-122.791794,1.0,ecmwf_ifs
2022-23,2023-01-17,America/Los_Angeles,2023-01-17T08:46,2023-01-17T08:16,2023-01-17T08:00,-16,3,Overcast,41.5,37.6,98,100,0.0,0.0,0.0,3.8,8.1,201,SSW,61,Slight rain,43.0,45.6,40.8,0.205,0.205,0.0,11.0,8.6,17.4,181,S,45.72,-122.803,45.729347,-122.791794,1.0,ecmwf_ifs
2022-23,2023-01-19,America/Los_Angeles,2023-01-19T08:45,2023-01-19T08:15,2023-01-19T08:00,-15,3,Overcast,36.3,32.2,99,100,0.0,0.0,0.0,2.2,5.1,217,SW,3,Overcast,38.0,41.8,33.9,0.0,0.0,0.0,0.0,3.5,8.9,179,S,45.72,-122.803,45.729347,-122.791794,1.0,ecmwf_ifs
2022-23,2023-01-21,America/Los_Angeles,2023-01-21T08:43,2023-01-21T08:13,2023-01-21T08:00,-13,3,Overcast,30.6,23.5,95,96,0.0,0.0,0.0,6.6,14.8,190,S,75,Heavy snow fall,35.9,42.4,30.6,0.213,0.059,1.075,7.0,12.4,24.6,206,SSW,45.72,-122.803,45.729347,-122.791794,1.0,ecmwf_ifs
2022-23,2023-01-23,America/Los_Angeles,2023-01-23T08:42,2023-01-23T08:12,2023-01-23T08:00,-12,3,Overcast,37.3,34.1,98,97,0.0,0.0,0.0,0.4,4.7,90,E,3,Overcast,38.6,47.6,30.9,0.0,0.0,0.0,0.0,7.6,15.7,333,NNW,45.72,-122.803,45.729347,-122.791794,1.0,ecmwf_ifs
2022-23,2023-01-25,America/Los_Angeles,2023-01-25T08:40,2023-01-25T08:10,2023-01-25T08:00,-10,3,Overcast,38.2,34.7,99,100,0.0,0.0,0.0,1.8,6.7,360,N,3,Overcast,41.2,47.7,34.8,0.0,0.0,0.0,0.0,8.1,17.2,349,N,45.72,-122.803,45.729347,-122.791794,1.0,ecmwf_ifs
2022-23,2023-01-27,America/Los_Angeles,2023-01-27T08:38,2023-01-27T08:08,2023-01-27T08:00,-8,3,Overcast,43.2,38.5,92,100,0.0,0.0,0.0,6.0,13.2,207,SSW,53,Moderate drizzle,44.5,49.5,40.9,0.118,0.118,0.0,10.0,7.7,15.4,232,SW,45.72,-122.803,45.729347,-122.791794,1.0,ecmwf_ifs
2022-23,2023-01-29,America/Los_Angeles,2023-01-29T08:36,2023-01-29T08:06,2023-01-29T08:00,-6,0,Clear sky,28.1,18.8,50,0,0.0,0.0,0.0,7.7,19.5,68,ENE,0,Clear sky,31.3,37.3,24.9,0.0,0.0,0.0,0.0,9.7,21.0,58,ENE,45.72,-122.803,45.729347,-122.791794,1.0,ecmwf_ifs
2023-24,2023-10-14,America/Los_Angeles,2023-10-14T07:26,2023-10-14T06:56,2023-10-14T07:00,4,3,Overcast,51.1,50.2,100,100,0.0,0.0,0.0,3.0,5.6,132,SE,53,Moderate drizzle,55.9,62.1,50.8,0.106,0.106,0.0,7.0,5.3,13.6,169,S,45.72,-122.803,45.729347,-122.791794,1.0,ecmwf_ifs
2023-24,2023-10-16,America/Los_Angeles,2023-10-16T07:28,2023-10-16T06:58,2023-10-16T07:00,2,61,Slight rain,55.7,55.6,98,100,0.079,0.079,0.0,4.0,12.8,183,S,63,Moderate rain,57.9,65.3,53.6,0.685,0.685,0.0,14.0,11.0,24.4,191,S,45.72,-122.803,45.729347,-122.791794,1.0,ecmwf_ifs
2023-24,2023-10-18,America/Los_Angeles,2023-10-18T07:31,2023-10-18T07:01,2023-10-18T07:00,-1,3,Overcast,46.8,45.0,100,100,0.0,0.0,0.0,2.1,5.8,18,NNE,3,Overcast,56.2,71.2,46.4,0.0,0.0,0.0,0.0,5.7,8.9,354,N,45.72,-122.803,45.729347,-122.791794,1.0,ecmwf_ifs
2023-24,2023-10-20,America/Los_Angeles,2023-10-20T07:34,2023-10-20T07:04,2023-10-20T07:00,-4,3,Overcast,59.4,59.6,94,97,0.0,0.0,0.0,5.4,10.3,343,NNW,3,Overcast,60.7,67.4,54.1,0.0,0.0,0.0,0.0,8.8,17.2,342,NNW,45.72,-122.803,45.729347,-122.791794,1.0,ecmwf_ifs
2023-24,2023-10-22,America/Los_Angeles,2023-10-22T07:37,2023-10-22T07:07,2023-10-22T07:00,-7,51,Light drizzle,56.8,58.0,96,100,0.008,0.008,0.0,1.6,4.0,315,NW,51,Light drizzle,57.1,63.6,51.8,0.024,0.024,0.0,3.0,7.8,17.0,340,NNW,45.72,-122.803,45.729347,-122.791794,1.0,ecmwf_ifs
2023-24,2023-10-24,America/Los_Angeles,2023-10-24T07:39,2023-10-24T07:09,2023-10-24T07:00,-9,3,Overcast,49.1,47.3,87,98,0.0,0.0,0.0,1.6,4.0,172,S,63,Moderate rain,48.5,50.6,45.5,0.622,0.622,0.0,13.0,13.9,28.9,185,S,45.72,-122.803,45.729347,-122.791794,1.0,ecmwf_ifs
2023-24,2023-10-26,America/Los_Angeles,2023-10-26T07:42,2023-10-26T07:12,2023-10-26T07:00,-12,1,Mainly clear,44.0,40.6,89,46,0.0,0.0,0.0,2.7,6.0,215,SW,3,Overcast,45.4,50.9,40.5,0.0,0.0,0.0,0.0,5.2,12.5,224,SW,45.72,-122.803,45.729347,-122.791794,1.0,ecmwf_ifs
2023-24,2023-10-28,America/Los_Angeles,2023-10-28T07:45,2023-10-28T07:15,2023-10-28T07:00,-15,0,Clear sky,36.1,30.0,88,4,0.0,0.0,0.0,5.6,11.6,360,N,0,Clear sky,42.2,52.9,36.1,0.0,0.0,0.0,0.0,7.0,15.7,8,N,45.72,-122.803,45.729347,-122.791794,1.0,ecmwf_ifs
2023-24,2023-11-02,America/Los_Angeles,2023-11-02T07:52,2023-11-02T07:22,2023-11-02T07:00,-22,51,Light drizzle,54.7,52.3,98,100,0.016,0.016,0.0,8.8,17.2,173,S,63,Moderate rain,55.1,62.9,48.2,0.543,0.543,0.0,13.0,11.8,23.9,198,SSW,45.72,-122.803,45.729347,-122.791794,1.0,ecmwf_ifs
2023-24,2023-11-04,America/Los_Angeles,2023-11-04T07:55,2023-11-04T07:25,2023-11-04T07:00,-25,61,Slight rain,59.5,58.3,98,100,0.083,0.083,0.0,9.9,22.1,176,S,63,Moderate rain,57.1,62.8,49.8,0.972,0.972,0.0,16.0,11.8,28.9,181,S,45.72,-122.803,45.729347,-122.791794,1.0,ecmwf_ifs
2023-24,2023-11-06,America/Los_Angeles,2023-11-06T07:58,2023-11-06T07:28,2023-11-06T07:00,-28,61,Slight rain,49.9,45.6,98,100,0.075,0.075,0.0,9.9,19.7,155,SSE,63,Moderate rain,51.0,53.4,48.6,0.457,0.457,0.0,14.0,16.6,32.4,183,S,45.72,-122.803,45.729347,-122.791794,1.0,ecmwf_ifs
2023-24,2023-11-08,America/Los_Angeles,2023-11-08T08:01,2023-11-08T07:31,2023-11-08T08:00,29,3,Overcast,43.8,41.2,99,100,0.0,0.0,0.0,2.2,4.9,45,NE,3,Overcast,45.6,51.4,38.8,0.0,0.0,0.0,0.0,4.3,8.7,354,N,45.72,-122.803,45.729347,-122.791794,1.0,ecmwf_ifs
2023-24,2023-11-10,America/Los_Angeles,2023-11-10T08:03,2023-11-10T07:33,2023-11-10T08:00,27,3,Overcast,41.5,38.4,100,100,0.0,0.0,0.0,2.5,6.9,185,S,51,Light drizzle,44.8,51.1,38.6,0.047,0.047,0.0,5.0,8.5,16.3,177,S,45.72,-122.803,45.729347,-122.791794,1.0,ecmwf_ifs
2023-24,2023-11-12,America/Los_Angeles,2023-11-12T08:06,2023-11-12T07:36,2023-11-12T08:00,24,3,Overcast,47.0,44.7,98,100,0.0,0.0,0.0,3.2,6.3,219,SW,63,Moderate rain,49.7,56.0,46.0,0.449,0.449,0.0,8.0,8.4,16.8,164,SSE,45.72,-122.803,45.729347,-122.791794,1.0,ecmwf_ifs
2023-24,2023-11-14,America/Los_Angeles,2023-11-14T08:09,2023-11-14T07:39,2023-11-14T08:00,21,2,Partly cloudy,38.7,32.0,86,56,0.0,0.0,0.0,7.7,14.3,338,NNW,3,Overcast,45.2,54.1,38.7,0.0,0.0,0.0,0.0,10.8,22.1,345,NNW,45.72,-122.803,45.729347,-122.791794,1.0,ecmwf_ifs
2023-24,2023-11-16,America/Los_Angeles,2023-11-16T08:12,2023-11-16T07:42,2023-11-16T08:00,18,1,Mainly clear,37.8,32.4,97,32,0.0,0.0,0.0,5.6,15.9,337,NNW,3,Overcast,43.4,51.2,37.8,0.0,0.0,0.0,0.0,9.1,18.6,335,NNW,45.72,-122.803,45.729347,-122.791794,1.0,ecmwf_ifs
2023-24,2023-11-18,America/Los_Angeles,2023-11-18T08:14,2023-11-18T07:44,2023-11-18T08:00,16,3,Overcast,39.2,35.2,98,100,0.0,0.0,0.0,3.2,5.6,245,WSW,61,Slight rain,43.5,52.2,38.4,0.417,0.417,0.0,6.0,5.2,12.8,234,SW,45.72,-122.803,45.729347,-122.791794,1.0,ecmwf_ifs
2023-24,2023-11-20,America/Los_Angeles,2023-11-20T08:17,2023-11-20T07:47,2023-11-20T08:00,13,3,Overcast,36.5,32.5,100,100,0.0,0.0,0.0,2.3,6.0,11,N,3,Overcast,41.7,50.1,36.5,0.0,0.0,0.0,0.0,5.2,8.9,313,NW,45.72,-122.803,45.729347,-122.791794,1.0,ecmwf_ifs
2023-24,2023-11-22,America/Los_Angeles,2023-11-22T08:20,2023-11-22T07:50,2023-11-22T08:00,10,3,Overcast,46.0,43.4,97,100,0.0,0.0,0.0,3.3,7.4,332,NNW,63,Moderate rain,46.9,51.8,41.5,0.48,0.48,0.0,7.0,11.6,23.5,341,NNW,45.72,-122.803,45.729347,-122.791794,1.0,ecmwf_ifs
2023-24,2023-11-25,America/Los_Angeles,2023-11-25T08:24,2023-11-25T07:54,2023-11-25T08:00,6,3,Overcast,32.8,27.7,98,81,0.0,0.0,0.0,3.3,7.2,344,NNW,3,Overcast,38.1,48.8,32.5,0.0,0.0,0.0,0.0,5.6,10.7,346,NNW,45.72,-122.803,45.729347,-122.791794,1.0,ecmwf_ifs
2023-24,2023-11-27,America/Los_Angeles,2023-11-27T08:26,2023-11-27T07:56,2023-11-27T08:00,4,0,Clear sky,30.8,24.2,91,3,0.0,0.0,0.0,5.4,6.9,265,W,3,Overcast,36.6,44.1,30.0,0.0,0.0,0.0,0.0,5.4,8.5,260,W,45.72,-122.803,45.729347,-122.791794,1.0,ecmwf_ifs
2023-24,2023-11-29,America/Los_Angeles,2023-11-29T08:29,2023-11-29T07:59,2023-11-29T08:00,1,3,Overcast,28.6,23.5,100,100,0.0,0.0,0.0,1.9,4.3,45,NE,3,Overcast,35.8,44.2,28.3,0.0,0.0,0.0,0.0,3.7,7.2,45,NE,45.72,-122.803,45.729347,-122.791794,1.0,ecmwf_ifs
2023-24,2023-12-01,America/Los_Angeles,2023-12-01T08:31,2023-12-01T08:01,2023-12-01T08:00,-1,51,Light drizzle,40.9,37.0,98,80,0.016,0.016,0.0,3.8,19.7,173,S,63,Moderate rain,43.5,50.4,37.4,0.425,0.425,0.0,14.0,12.3,25.1,199,SSW,45.72,-122.803,45.729347,-122.791794,1.0,ecmwf_ifs
2023-24,2023-12-03,America/Los_Angeles,2023-12-03T08:33,2023-12-03T08:03,2023-12-03T08:00,-3,63,Moderate rain,44.8,41.2,99,100,0.13,0.13,0.0,5.2,11.4,140,SE,63,Moderate rain,48.4,55.1,44.4,0.894,0.894,0.0,21.0,6.8,18.3,160,SSE,45.72,-122.803,45.729347,-122.791794,1.0,ecmwf_ifs
2023-24,2023-12-05,America/Los_Angeles,2023-12-05T08:35,2023-12-05T08:05,2023-12-05T08:00,-5,61,Slight rain,55.0,53.7,98,100,0.094,0.094,0.0,6.1,15.7,197,SSW,63,Moderate rain,55.9,57.7,54.7,1.909,1.909,0.0,24.0,12.8,32.0,185,S,45.72,-122.803,45.729347,-122.791794,1.0,ecmwf_ifs
2023-24,2023-12-07,America/Los_Angeles,2023-12-07T08:37,2023-12-07T08:07,2023-12-07T08:00,-7,3,Overcast,44.1,38.1,96,97,0.0,0.0,0.0,9.8,20.4,179,S,61,Slight rain,43.9,47.3,38.8,0.354,0.354,0.0,10.0,12.5,25.5,199,SSW,45.72,-122.803,45.729347,-122.791794,1.0,ecmwf_ifs
2023-24,2023-12-09,America/Los_Angeles,2023-12-09T08:39,2023-12-09T08:09,2023-12-09T08:00,-9,3,Overcast,37.7,32.6,87,100,0.0,0.0,0.0,3.7,7.8,197,SSW,63,Moderate rain,38.9,43.2,34.7,0.622,0.622,0.0,13.0,8.5,17.2,167,SSE,45.72,-122.803,45.729347,-122.791794,1.0,ecmwf_ifs
2023-24,2023-12-11,America/Los_Angeles,2023-12-11T08:41,2023-12-11T08:11,2023-12-11T08:00,-11,2,Partly cloudy,46.3,42.8,98,65,0.0,0.0,0.0,5.6,10.1,337,NNW,51,Light drizzle,47.4,51.2,41.5,0.008,0.008,0.0,2.0,7.5,15.4,334,NNW,45.72,-122.803,45.729347,-122.791794,1.0,ecmwf_ifs
2023-24,2023-12-13,America/Los_Angeles,2023-12-13T08:43,2023-12-13T08:13,2023-12-13T08:00,-13,3,Overcast,38.9,34.9,90,100,0.0,0.0,0.0,2.2,5.6,233,SW,3,Overcast,41.6,46.9,36.5,0.0,0.0,0.0,0.0,3.6,9.2,220,SW,45.72,-122.803,45.729347,-122.791794,1.0,ecmwf_ifs
2023-24,2023-12-15,America/Los_Angeles,2023-12-15T08:45,2023-12-15T08:15,2023-12-15T08:00,-15,0,Clear sky,38.1,33.3,98,16,0.0,0.0,0.0,4.7,6.7,262,W,3,Overcast,40.1,48.8,34.3,0.0,0.0,0.0,0.0,4.7,9.2,267,W,45.72,-122.803,45.729347,-122.791794,1.0,ecmwf_ifs
2023-24,2023-12-17,America/Los_Angeles,2023-12-17T08:46,2023-12-17T08:16,2023-12-17T08:00,-16,3,Overcast,31.6,26.4,97,99,0.0,0.0,0.0,2.9,4.9,266,W,3,Overcast,39.8,49.6,31.6,0.0,0.0,0.0,0.0,6.8,12.3,296,WNW,45.72,-122.803,45.729347,-122.791794,1.0,ecmwf_ifs
2023-24,2023-12-19,America/Los_Angeles,2023-12-19T08:47,2023-12-19T08:17,2023-12-19T08:00,-17,61,Slight rain,43.3,39.1,97,100,0.091,0.091,0.0,5.4,12.1,171,S,63,Moderate rain,44.2,48.3,41.1,0.484,0.484,0.0,10.0,8.2,16.8,178,S,45.72,-122.803,45.729347,-122.791794,1.0,ecmwf_ifs
2023-24,2023-12-21,America/Los_Angeles,2023-12-21T08:49,2023-12-21T08:19,2023-12-21T08:00,-19,3,Overcast,40.0,36.9,100,100,0.0,0.0,0.0,1.6,5.1,172,S,3,Overcast,41.9,48.6,37.6,0.0,0.0,0.0,0.0,3.7,6.7,153,SSE,45.72,-122.803,45.729347,-122.791794,1.0,ecmwf_ifs
2023-24,2023-12-23,America/Los_Angeles,2023-12-23T08:49,2023-12-23T08:19,2023-12-23T08:00,-19,3,Overcast,36.3,32.7,100,100,0.0,0.0,0.0,1.3,2.2,31,NNE,3,Overcast,37.2,42.6,32.4,0.0,0.0,0.0,0.0,5.9,11.0,343,NNW,45.72,-122.803,45.729347,-122.791794,1.0,ecmwf_ifs
2023-24,2023-12-26,America/Los_Angeles,2023-12-26T08:51,2023-12-26T08:21,2023-12-26T08:00,-21,2,Partly cloudy,40.9,37.9,99,79,0.0,0.0,0.0,1.8,4.0,97,E,63,Moderate rain,43.6,49.5,39.9,0.224,0.224,0.0,3.0,4.6,15.7,291,WNW,45.72,-122.803,45.729347,-122.791794,1.0,ecmwf_ifs
2023-24,2023-12-28,America/Los_Angeles,2023-12-28T08:51,2023-12-28T08:21,2023-12-28T08:00,-21,3,Overcast,42.7,39.1,86,100,0.0,0.0,0.0,2.4,5.1,221,SW,63,Moderate rain,44.4,48.3,41.4,0.335,0.335,0.0,7.0,7.5,14.5,254,WSW,45.72,-122.803,45.729347,-122.791794,1.0,ecmwf_ifs
2023-24,2023-12-30,America/Los_Angeles,2023-12-30T08:51,2023-12-30T08:21,2023-12-30T08:00,-21,53,Moderate drizzle,43.2,40.3,98,95,0.024,0.024,0.0,2.5,7.4,175,S,53,Moderate drizzle,44.6,50.7,39.8,0.181,0.181,0.0,15.0,7.1,12.3,184,S,45.72,-122.803,45.729347,-122.791794,1.0,ecmwf_ifs
2023-24,2024-01-01,America/Los_Angeles,2024-01-01T08:52,2024-01-01T08:22,2024-01-01T08:00,-22,3,Overcast,38.5,35.1,98,100,0.0,0.0,0.0,1.4,4.0,252,WSW,3,Overcast,40.7,46.5,38.4,0.0,0.0,0.0,0.0,3.0,6.5,238,WSW,45.72,-122.803,45.729347,-122.791794,1.0,ecmwf_ifs
2023-24,2024-01-03,America/Los_Angeles,2024-01-03T08:52,2024-01-03T08:22,2024-01-03T08:00,-22,3,Overcast,38.9,32.9,89,100,0.0,0.0,0.0,6.7,12.1,174,S,53,Moderate drizzle,41.0,47.7,35.8,0.067,0.067,0.0,5.0,7.4,14.3,185,S,45.72,-122.803,45.729347,-122.791794,1.0,ecmwf_ifs
2023-24,2024-01-05,America/Los_Angeles,2024-01-05T08:51,2024-01-05T08:21,2024-01-05T08:00,-21,3,Overcast,37.9,33.7,99,96,0.0,0.0,0.0,3.2,7.6,214,SW,53,Moderate drizzle,40.6,46.6,32.5,0.024,0.024,0.0,2.0,11.9,23.9,196,SSW,45.72,-122.803,45.729347,-122.791794,1.0,ecmwf_ifs
2023-24,2024-01-07,America/Los_Angeles,2024-01-07T08:51,2024-01-07T08:21,2024-01-07T08:00,-21,3,Overcast,33.8,29.3,100,100,0.0,0.0,0.0,2.2,4.5,114,ESE,73,Moderate snow fall,37.4,43.1,33.8,0.236,0.217,0.138,12.0,4.4,10.7,149,SSE,45.72,-122.803,45.729347,-122.791794,1.0,ecmwf_ifs
2023-24,2024-01-09,America/Los_Angeles,2024-01-09T08:50,2024-01-09T08:20,2024-01-09T08:00,-20,51,Light drizzle,41.5,35.3,92,100,0.008,0.008,0.0,8.6,18.8,208,SSW,75,Heavy snow fall,42.3,47.8,35.1,1.13,0.858,1.902,23.0,16.9,40.0,222,SW,45.72,-122.803,45.729347,-122.791794,1.0,ecmwf_ifs
2023-24,2024-01-11,America/Los_Angeles,2024-01-11T08:50,2024-01-11T08:20,2024-01-11T08:00,-20,2,Partly cloudy,34.3,28.9,99,55,0.0,0.0,0.0,4.5,9.8,243,WSW,73,Moderate snow fall,37.2,42.8,30.9,0.213,0.181,0.22,15.0,11.9,23.7,256,WSW,45.72,-122.803,45.729347,-122.791794,1.0,ecmwf_ifs
2023-24,2024-01-13,America/Los_Angeles,2024-01-13T08:49,2024-01-13T08:19,2024-01-13T08:00,-19,71,Slight snow fall,16.0,7.2,65,100,0.004,0.0,0.028,5.6,11.9,268,W,75,Heavy snow fall,15.7,20.8,10.2,0.634,0.0,4.437,20.0,9.6,18.6,304,NW,45.72,-122.803,45.729347,-122.791794,1.0,ecmwf_ifs
2023-24,2024-01-15,America/Los_Angeles,2024-01-15T08:48,2024-01-15T08:18,2024-01-15T08:00,-18,3,Overcast,17.7,10.9,83,100,0.0,0.0,0.0,2.1,5.8,288,WNW,3,Overcast,21.1,28.0,17.2,0.0,0.0,0.0,0.0,4.9,11.4,295,WNW,45.72,-122.803,45.729347,-122.791794,1.0,ecmwf_ifs
2023-24,2024-01-17,America/Los_Angeles,2024-01-17T08:47,2024-01-17T08:17,2024-01-17T08:00,-17,51,Light drizzle,29.7,24.0,96,100,0.008,0.008,0.0,3.2,8.1,192,SSW,61,Slight rain,33.1,41.1,28.2,0.437,0.437,0.0,22.0,5.7,10.7,209,SSW,45.72,-122.803,45.729347,-122.791794,1.0,ecmwf_ifs
2023-24,2024-01-19,America/Los_Angeles,2024-01-19T08:45,2024-01-19T08:15,2024-01-19T08:00,-15,3,Overcast,30.7,24.1,96,100,0.0,0.0,0.0,5.6,11.4,247,WSW,51,Light drizzle,32.9,40.2,29.8,0.008,0.008,0.0,1.0,7.4,12.8,259,W,45.72,-122.803,45.729347,-122.791794,1.0,ecmwf_ifs
2023-24,2024-01-21,America/Los_Angeles,2024-01-21T08:44,2024-01-21T08:14,2024-01-21T08:00,-14,3,Overcast,39.1,35.1,91,100,0.0,0.0,0.0,2.3,7.2,197,SSW,61,Slight rain,40.2,46.9,36.1,0.48,0.48,0.0,19.0,8.2,16.3,166,SSE,45.72,-122.803,45.729347,-122.791794,1.0,ecmwf_ifs
2023-24,2024-01-23,America/Los_Angeles,2024-01-23T08:42,2024-01-23T08:12,2024-01-23T08:00,-12,61,Slight rain,41.9,38.3,99,81,0.067,0.067,0.0,3.6,6.7,169,S,61,Slight rain,45.4,52.5,38.9,0.268,0.268,0.0,13.0,7.2,16.3,173,S,45.72,-122.803,45.729347,-122.791794,1.0,ecmwf_ifs
2023-24,2024-01-25,America/Los_Angeles,2024-01-25T08:40,2024-01-25T08:10,2024-01-25T08:00,-10,61,Slight rain,44.4,40.0,98,96,0.051,0.051,0.0,6.7,14.3,176,S,61,Slight rain,46.1,50.4,43.6,0.197,0.197,0.0,11.0,11.4,22.1,176,S,45.72,-122.803,45.729347,-122.791794,1.0,ecmwf_ifs
2023-24,2024-01-27,America/Los_Angeles,2024-01-27T08:38,2024-01-27T08:08,2024-01-27T08:00,-8,61,Slight rain,44.9,40.5,98,100,0.067,0.067,0.0,6.9,12.8,165,SSE,63,Moderate rain,49.9,58.4,43.3,1.067,1.067,0.0,21.0,11.0,24.4,166,SSE,45.72,-122.803,45.729347,-122.791794,1.0,ecmwf_ifs
2024-25,2024-10-12,America/Los_Angeles,2024-10-12T07:24,2024-10-12T06:54,2024-10-12T07:00,6,0,Clear sky,47.2,44.2,92,14,0.0,0.0,0.0,4.1,6.5,9,N,2,Partly cloudy,58.5,72.5,47.2,0.0,0.0,0.0,0.0,4.8,8.7,323,NW,45.72,-122.803,45.729347,-122.791794,1.0,ecmwf_ifs
2024-25,2024-10-14,America/Los_Angeles,2024-10-14T07:27,2024-10-14T06:57,2024-10-14T07:00,3,3,Overcast,51.2,50.6,100,100,0.0,0.0,0.0,2.1,5.4,162,SSE,53,Moderate drizzle,58.8,67.2,51.0,0.083,0.083,0.0,4.0,7.0,14.8,175,S,45.72,-122.803,45.729347,-122.791794,1.0,ecmwf_ifs
2024-25,2024-10-16,America/Los_Angeles,2024-10-16T07:29,2024-10-16T06:59,2024-10-16T07:00,1,63,Moderate rain,54.9,56.1,98,100,0.11,0.11,0.0,0.2,6.7,90,E,63,Moderate rain,55.5,61.2,51.5,0.634,0.634,0.0,13.0,5.8,17.4,262,W,45.72,-122.803,45.729347,-122.791794,1.0,ecmwf_ifs
2024-25,2024-10-18,America/Los_Angeles,2024-10-18T07:32,2024-10-18T07:02,2024-10-18T07:00,-2,3,Overcast,45.1,42.9,97,100,0.0,0.0,0.0,1.6,4.3,120,ESE,53,Moderate drizzle,48.4,52.5,44.1,0.067,0.067,0.0,4.0,8.9,17.2,163,SSE,45.72,-122.803,45.729347,-122.791794,1.0,ecmwf_ifs
2024-25,2024-10-20,America/Los_Angeles,2024-10-20T07:35,2024-10-20T07:05,2024-10-20T07:00,-5,3,Overcast,50.2,49.5,100,100,0.0,0.0,0.0,1.8,4.5,218,SW,63,Moderate rain,56.4,66.7,49.7,0.5,0.5,0.0,8.0,13.3,27.1,200,SSW,45.72,-122.803,45.729347,-122.791794,1.0,ecmwf_ifs
2024-25,2024-10-22,America/Los_Angeles,2024-10-22T07:38,2024-10-22T07:08,2024-10-22T07:00,-8,3,Overcast,44.0,41.8,100,100,0.0,0.0,0.0,1.6,4.0,309,NW,3,Overcast,49.5,58.3,42.7,0.0,0.0,0.0,0.0,8.0,17.2,349,N,45.72,-122.803,45.729347,-122.791794,1.0,ecmwf_ifs
2024-25,2024-10-24,America/Los_Angeles,2024-10-24T07:40,2024-10-24T07:10,2024-10-24T07:00,-10,3,Overcast,41.9,39.0,100,100,0.0,0.0,0.0,2.2,5.8,41,NE,3,Overcast,46.8,56.5,39.7,0.0,0.0,0.0,0.0,9.1,18.3,348,NNW,45.72,-122.803,45.729347,-122.791794,1.0,ecmwf_ifs
2024-25,2024-10-26,America/Los_Angeles,2024-10-26T07:43,2024-10-26T07:13,2024-10-26T07:00,-13,53,Moderate drizzle,53.6,53.2,98,100,0.028,0.028,0.0,3.1,6.7,134,SE,63,Moderate rain,55.4,58.8,51.2,0.701,0.701,0.0,21.0,7.9,22.4,152,SSE,45.72,-122.803,45.729347,-122.791794,1.0,ecmwf_ifs
2024-25,2024-10-31,America/Los_Angeles,2024-10-31T07:50,2024-10-31T07:20,2024-10-31T07:00,-20,53,Moderate drizzle,43.6,39.4,98,100,0.035,0.035,0.0,5.8,13.6,142,SE,61,Slight rain,46.3,49.8,43.5,0.563,0.563,0.0,18.0,9.2,19.9,167,SSE,45.72,-122.803,45.729347,-122.791794,1.0,ecmwf_ifs
2024-25,2024-11-02,America/Los_Angeles,2024-11-02T07:53,2024-11-02T07:23,2024-11-02T07:00,-23,3,Overcast,41.3,37.4,100,95,0.0,0.0,0.0,4.2,6.9,202,SSW,55,Dense drizzle,47.0,52.7,40.4,0.114,0.114,0.0,6.0,6.6,17.4,194,SSW,45.72,-122.803,45.729347,-122.791794,1.0,ecmwf_ifs
2024-25,2024-11-04,America/Los_Angeles,2024-11-04T07:56,2024-11-04T07:26,2024-11-04T07:00,-26,3,Overcast,47.8,42.6,87,100,0.0,0.0,0.0,8.8,17.2,179,S,63,Moderate rain,48.3,56.6,42.6,0.287,0.287,0.0,10.0,14.6,32.4,218,SW,45.72,-122.803,45.729347,-122.791794,1.0,ecmwf_ifs
2024-25,2024-11-06,America/Los_Angeles,2024-11-06T07:59,2024-11-06T07:29,2024-11-06T07:00,-29,2,Partly cloudy,41.8,38.0,96,77,0.0,0.0,0.0,3.8,8.5,348,NNW,3,Overcast,46.1,55.0,40.6,0.0,0.0,0.0,0.0,4.0,8.5,349,N,45.72,-122.803,45.729347,-122.791794,1.0,ecmwf_ifs
2024-25,2024-11-08,America/Los_Angeles,2024-11-08T08:01,2024-11-08T07:31,2024-11-08T08:00,29,3,Overcast,41.7,38.2,92,100,0.0,0.0,0.0,2.4,5.1,236,SW,3,Overcast,46.6,56.2,40.1,0.0,0.0,0.0,0.0,4.2,6.7,214,SW,45.72,-122.803,45.729347,-122.791794,1.0,ecmwf_ifs
2024-25,2024-11-10,America/Los_Angeles,2024-11-10T08:04,2024-11-10T07:34,2024-11-10T08:00,26,3,Overcast,43.9,41.2,98,93,0.0,0.0,0.0,2.3,4.0,317,NW,63,Moderate rain,48.1,54.8,40.5,0.472,0.472,0.0,7.0,6.1,15.7,154,SSE,45.72,-122.803,45.729347,-122.791794,1.0,ecmwf_ifs
2024-25,2024-11-12,America/Los_Angeles,2024-11-12T08:07,2024-11-12T07:37,2024-11-12T08:00,23,2,Partly cloudy,46.0,41.9,95,76,0.0,0.0,0.0,6.7,15.0,197,SSW,61,Slight rain,48.8,54.2,45.6,0.346,0.346,0.0,12.0,15.0,28.2,184,S,45.72,-122.803,45.729347,-122.791794,1.0,ecmwf_ifs
2024-25,2024-11-14,America/Los_Angeles,2024-11-14T08:10,2024-11-14T07:40,2024-11-14T08:00,20,53,Moderate drizzle,47.6,43.0,94,100,0.028,0.028,0.0,8.2,17.0,186,S,63,Moderate rain,48.3,53.7,44.2,0.535,0.535,0.0,20.0,14.0,26.8,199,SSW,45.72,-122.803,45.729347,-122.791794,1.0,ecmwf_ifs
2024-25,2024-11-16,America/Los_Angeles,2024-11-16T08:13,2024-11-16T07:43,2024-11-16T08:00,17,3,Overcast,37.4,32.8,100,100,0.0,0.0,0.0,3.9,9.6,173,S,61,Slight rain,40.6,45.1,37.4,0.413,0.413,0.0,13.0,10.6,20.4,169,S,45.72,-122.803,45.729347,-122.791794,1.0,ecmwf_ifs
2024-25,2024-11-18,America/Los_Angeles,2024-11-18T08:15,2024-11-18T07:45,2024-11-18T08:00,15,51,Light drizzle,40.5,34.2,94,100,0.004,0.004,0.0,8.5,15.9,208,SSW,73,Moderate snow fall,41.2,46.2,38.0,0.256,0.232,0.165,15.0,10.3,22.4,202,SSW,45.72,-122.803,45.729347,-122.791794,1.0,ecmwf_ifs
2024-25,2024-11-20,America/Los_Angeles,2024-11-20T08:18,2024-11-20T07:48,2024-11-20T08:00,12,51,Light drizzle,43.5,36.9,90,82,0.008,0.008,0.0,10.4,25.1,156,SSE,63,Moderate rain,46.1,53.9,43.0,0.673,0.673,0.0,16.0,15.6,30.2,153,SSE,45.72,-122.803,45.729347,-122.791794,1.0,ecmwf_ifs
2024-25,2024-11-22,America/Los_Angeles,2024-11-22T08:21,2024-11-22T07:51,2024-11-22T08:00,9,53,Moderate drizzle,47.3,40.4,91,100,0.024,0.024,0.0,13.1,23.9,136,SE,63,Moderate rain,49.1,56.1,44.0,0.689,0.689,0.0,12.0,17.9,36.9,167,SSE,45.72,-122.803,45.729347,-122.791794,1.0,ecmwf_ifs
2024-25,2024-11-24,America/Los_Angeles,2024-11-24T08:23,2024-11-24T07:53,2024-11-24T08:00,7,53,Moderate drizzle,43.3,36.6,89,100,0.024,0.024,0.0,10.0,18.8,135,SE,55,Dense drizzle,43.4,44.8,42.0,0.571,0.571,0.0,23.0,10.0,23.9,131,SE,45.72,-122.803,45.729347,-122.791794,1.0,ecmwf_ifs
2024-25,2024-11-26,America/Los_Angeles,2024-11-26T08:26,2024-11-26T07:56,2024-11-26T08:00,4,3,Overcast,40.3,36.4,99,100,0.0,0.0,0.0,3.4,7.6,328,NNW,51,Light drizzle,41.6,44.9,39.3,0.02,0.02,0.0,3.0,4.5,9.2,355,N,45.72,-122.803,45.729347,-122.791794,1.0,ecmwf_ifs
2024-25,2024-11-30,America/Los_Angeles,2024-11-30T08:31,2024-11-30T08:01,2024-11-30T08:00,-1,3,Overcast,36.2,32.3,96,100,0.0,0.0,0.0,1.6,3.8,21,NNE,3,Overcast,38.5,47.6,34.3,0.0,0.0,0.0,0.0,3.8,8.7,358,N,45.72,-122.803,45.729347,-122.791794,1.0,ecmwf_ifs
2024-25,2024-12-02,America/Los_Angeles,2024-12-02T08:33,2024-12-02T08:03,2024-12-02T08:00,-3,3,Overcast,30.5,25.9,99,92,0.0,0.0,0.0,1.0,3.1,297,WNW,3,Overcast,35.3,46.4,30.3,0.0,0.0,0.0,0.0,3.1,6.7,307,NW,45.72,-122.803,45.729347,-122.791794,1.0,ecmwf_ifs
2024-25,2024-12-04,America/Los_Angeles,2024-12-04T08:35,2024-12-04T08:05,2024-12-04T08:00,-5,0,Clear sky,29.6,24.0,88,2,0.0,0.0,0.0,2.4,4.3,262,W,3,Overcast,34.1,44.2,29.6,0.0,0.0,0.0,0.0,4.2,8.7,252,WSW,45.72,-122.803,45.729347,-122.791794,1.0,ecmwf_ifs
2024-25,2024-12-06,America/Los_Angeles,2024-12-06T08:37,2024-12-06T08:07,2024-12-06T08:00,-7,3,Overcast,31.5,26.4,97,98,0.0,0.0,0.0,2.5,4.7,252,WSW,3,Overcast,37.2,47.1,31.5,0.0,0.0,0.0,0.0,5.1,9.8,208,SSW,45.72,-122.803,45.729347,-122.791794,1.0,ecmwf_ifs
2024-25,2024-12-08,America/Los_Angeles,2024-12-08T08:39,2024-12-08T08:09,2024-12-08T08:00,-9,3,Overcast,37.5,34.2,99,100,0.0,0.0,0.0,0.8,6.0,8,N,53,Moderate drizzle,41.7,48.7,37.1,0.055,0.055,0.0,6.0,6.7,15.2,206,SSW,45.72,-122.803,45.729347,-122.791794,1.0,ecmwf_ifs
2024-25,2024-12-10,America/Los_Angeles,2024-12-10T08:41,2024-12-10T08:11,2024-12-10T08:00,-11,3,Overcast,32.8,28.1,92,95,0.0,0.0,0.0,1.6,3.6,4,N,3,Overcast,37.1,45.8,32.5,0.0,0.0,0.0,0.0,3.9,8.5,319,NW,45.72,-122.803,45.729347,-122.791794,1.0,ecmwf_ifs
2024-25,2024-12-12,America/Los_Angeles,2024-12-12T08:43,2024-12-12T08:13,2024-12-12T08:00,-13,53,Moderate drizzle,38.8,35.1,89,100,0.028,0.028,0.0,1.4,2.9,288,WNW,53,Moderate drizzle,39.5,41.6,38.0,0.181,0.181,0.0,14.0,4.1,8.5,249,WSW,45.72,-122.803,45.729347,-122.791794,1.0,ecmwf_ifs
2024-25,2024-12-14,America/Los_Angeles,2024-12-14T08:45,2024-12-14T08:15,2024-12-14T08:00,-15,51,Light drizzle,45.8,36.6,87,100,0.004,0.004,0.0,17.0,33.8,191,S,53,Moderate drizzle,44.4,48.7,39.8,0.071,0.071,0.0,8.0,18.2,34.2,188,S,45.72,-122.803,45.729347,-122.791794,1.0,ecmwf_ifs
2024-25,2024-12-16,America/Los_Angeles,2024-12-16T08:46,2024-12-16T08:16,2024-12-16T08:00,-16,3,Overcast,40.9,36.0,93,100,0.0,0.0,0.0,5.3,9.8,141,SE,61,Slight rain,43.4,49.2,40.8,0.492,0.492,0.0,16.0,8.3,16.1,140,SE,45.72,-122.803,45.729347,-122.791794,1.0,ecmwf_ifs
2024-25,2024-12-18,America/Los_Angeles,2024-12-18T08:47,2024-12-18T08:17,2024-12-18T08:00,-17,51,Light drizzle,48.8,45.6,84,0,0.004,0.004,0.0,4.1,16.3,197,SSW,63,Moderate rain,51.1,55.6,43.8,0.445,0.445,0.0,7.0,18.6,37.6,188,S,45.72,-122.803,45.729347,-122.791794,1.0,ecmwf_ifs
2024-25,2024-12-20,America/Los_Angeles,2024-12-20T08:48,2024-12-20T08:18,2024-12-20T08:00,-18,3,Overcast,44.8,42.5,93,100,0.0,0.0,0.0,1.1,3.4,238,WSW,53,Moderate drizzle,46.3,51.0,43.2,0.02,0.02,0.0,1.0,8.3,17.0,234,SW,45.72,-122.803,45.729347,-122.791794,1.0,ecmwf_ifs
2024-25,2024-12-22,America/Los_Angeles,2024-12-22T08:49,2024-12-22T08:19,2024-12-22T08:00,-19,3,Overcast,44.7,41.6,87,100,0.0,0.0,0.0,2.2,7.4,156,SSE,61,Slight rain,45.4,48.5,41.1,0.311,0.311,0.0,16.0,10.5,24.2,148,SSE,45.72,-122.803,45.729347,-122.791794,1.0,ecmwf_ifs
2024-25,2024-12-24,America/Los_Angeles,2024-12-24T08:50,2024-12-24T08:20,2024-12-24T08:00,-20,61,Slight rain,44.0,40.6,85,100,0.075,0.075,0.0,2.1,4.3,183,S,63,Moderate rain,44.7,50.1,40.0,0.72,0.72,0.0,18.0,7.1,18.6,172,S,45.72,-122.803,45.729347,-122.791794,1.0,ecmwf_ifs
2024-25,2024-12-26,America/Los_Angeles,2024-12-26T08:51,2024-12-26T08:21,2024-12-26T08:00,-21,61,Slight rain,47.7,40.9,88,100,0.087,0.087,0.0,12.6,28.0,222,SW,63,Moderate rain,48.0,52.2,45.1,1.311,1.311,0.0,15.0,21.5,47.9,191,S,45.72,-122.803,45.729347,-122.791794,1.0,ecmwf_ifs
2024-25,2024-12-28,America/Los_Angeles,2024-12-28T08:51,2024-12-28T08:21,2024-12-28T08:00,-21,3,Overcast,49.5,43.2,79,100,0.0,0.0,0.0,10.7,19.7,200,SSW,61,Slight rain,48.2,50.8,45.1,0.213,0.213,0.0,9.0,11.7,24.4,191,S,45.72,-122.803,45.729347,-122.791794,1.0,ecmwf_ifs
2024-25,2024-12-30,America/Los_Angeles,2024-12-30T08:51,2024-12-30T08:21,2024-12-30T08:00,-21,2,Partly cloudy,38.2,34.8,99,57,0.0,0.0,0.0,1.4,3.4,171,S,53,Moderate drizzle,41.2,48.3,37.5,0.075,0.075,0.0,7.0,7.5,16.1,178,S,45.72,-122.803,45.729347,-122.791794,1.0,ecmwf_ifs
2024-25,2025-01-01,America/Los_Angeles,2025-01-01T08:52,2025-01-01T08:22,2025-01-01T08:00,-22,3,Overcast,38.6,35.2,95,100,0.0,0.0,0.0,1.2,2.7,107,ESE,53,Moderate drizzle,41.2,46.5,37.3,0.091,0.091,0.0,6.0,6.2,12.5,165,SSE,45.72,-122.803,45.729347,-122.791794,1.0,ecmwf_ifs
2024-25,2025-01-03,America/Los_Angeles,2025-01-03T08:52,2025-01-03T08:22,2025-01-03T08:00,-22,61,Slight rain,42.5,39.0,93,100,0.059,0.059,0.0,2.9,7.4,239,WSW,63,Moderate rain,43.3,47.4,41.3,0.937,0.937,0.0,19.0,9.8,18.6,162,SSE,45.72,-122.803,45.729347,-122.791794,1.0,ecmwf_ifs
2024-25,2025-01-05,America/Los_Angeles,2025-01-05T08:51,2025-01-05T08:21,2025-01-05T08:00,-21,3,Overcast,47.6,46.4,97,100,0.0,0.0,0.0,0.8,5.8,262,W,61,Slight rain,48.2,51.9,45.7,0.311,0.311,0.0,14.0,8.6,18.3,195,SSW,45.72,-122.803,45.729347,-122.791794,1.0,ecmwf_ifs
2024-25,2025-01-07,America/Los_Angeles,2025-01-07T08:51,2025-01-07T08:21,2025-01-07T08:00,-21,3,Overcast,35.4,31.1,94,100,0.0,0.0,0.0,1.9,2.9,295,WNW,3,Overcast,38.1,44.1,34.6,0.0,0.0,0.0,0.0,4.1,8.5,273,W,45.72,-122.803,45.729347,-122.791794,1.0,ecmwf_ifs
2024-25,2025-01-09,America/Los_Angeles,2025-01-09T08:50,2025-01-09T08:20,2025-01-09T08:00,-20,2,Partly cloudy,37.0,32.0,87,67,0.0,0.0,0.0,3.1,4.9,311,NW,3,Overcast,40.4,49.1,35.7,0.0,0.0,0.0,0.0,4.5,9.2,279,W,45.72,-122.803,45.729347,-122.791794,1.0,ecmwf_ifs
2024-25,2025-01-11,America/Los_Angeles,2025-01-11T08:49,2025-01-11T08:19,2025-01-11T08:00,-19,1,Mainly clear,40.3,35.7,91,28,0.0,0.0,0.0,4.1,8.3,244,WSW,51,Light drizzle,43.5,48.2,39.0,0.02,0.02,0.0,3.0,5.9,11.2,252,WSW,45.72,-122.803,45.729347,-122.791794,1.0,ecmwf_ifs
2024-25,2025-01-13,America/Los_Angeles,2025-01-13T08:48,2025-01-13T08:18,2025-01-13T08:00,-18,3,Overcast,35.1,30.5,94,100,0.0,0.0,0.0,2.5,5.1,43,NE,3,Overcast,37.1,43.4,32.6,0.0,0.0,0.0,0.0,4.4,10.3,359,N,45.72,-122.803,45.729347,-122.791794,1.0,ecmwf_ifs
2024-25,2025-01-15,America/Los_Angeles,2025-01-15T08:47,2025-01-15T08:17,2025-01-15T08:00,-17,3,Overcast,35.2,30.7,100,100,0.0,0.0,0.0,2.7,5.6,22,NNE,3,Overcast,38.9,51.0,34.3,0.0,0.0,0.0,0.0,3.3,7.2,22,NNE,45.72,-122.803,45.729347,-122.791794,1.0,ecmwf_ifs
2024-25,2025-01-17,America/Los_Angeles,2025-01-17T08:46,2025-01-17T08:16,2025-01-17T08:00,-16,3,Overcast,34.3,30.5,99,92,0.0,0.0,0.0,0.9,4.7,346,NNW,3,Overcast,36.3,43.3,32.5,0.0,0.0,0.0,0.0,6.1,12.8,348,NNW,45.72,-122.803,45.729347,-122.791794,1.0,ecmwf_ifs
2024-25,2025-01-19,America/Los_Angeles,2025-01-19T08:45,2025-01-19T08:15,2025-01-19T08:00,-15,0,Clear sky,28.3,22.4,87,6,0.0,0.0,0.0,2.6,5.8,342,NNW,1,Mainly clear,34.0,43.7,28.3,0.0,0.0,0.0,0.0,7.5,13.6,344,NNW,45.72,-122.803,45.729347,-122.791794,1.0,ecmwf_ifs
2024-25,2025-01-21,America/Los_Angeles,2025-01-21T08:43,2025-01-21T08:13,2025-01-21T08:00,-13,3,Overcast,29.5,24.9,95,100,0.0,0.0,0.0,0.4,1.1,108,ESE,3,Overcast,33.9,42.4,29.0,0.0,0.0,0.0,0.0,2.8,8.3,56,NE,45.72,-122.803,45.729347,-122.791794,1.0,ecmwf_ifs
2024-25,2025-01-23,America/Los_Angeles,2025-01-23T08:41,2025-01-23T08:11,2025-01-23T08:00,-11,3,Overcast,29.2,23.2,82,99,0.0,0.0,0.0,2.8,5.8,339,NNW,3,Overcast,36.8,46.8,28.9,0.0,0.0,0.0,0.0,6.8,13.2,346,NNW,45.72,-122.803,45.729347,-122.791794,1.0,ecmwf_ifs
2024-25,2025-01-25,America/Los_Angeles,2025-01-25T08:39,2025-01-25T08:09,2025-01-25T08:00,-9,0,Clear sky,27.9,21.3,91,0,0.0,0.0,0.0,4.3,9.4,343,NNW,0,Clear sky,35.3,46.9,27.8,0.0,0.0,0.0,0.0,7.5,15.7,0,N,45.72,-122.803,45.729347,-122.791794,1.0,ecmwf_ifs
2025-26,2025-10-11,America/Los_Angeles,2025-10-11T07:23,2025-10-11T06:53,2025-10-11T07:00,7,51,Light drizzle,49.2,47.5,96,100,0.004,0.0,0.0,2.7,7.2,165,SSE,53,Moderate drizzle,52.6,58.0,49.2,0.13,0.067,0.0,9.0,8.7,19.5,205,SSW,45.72,-122.803,45.729347,-122.791794,1.0,ecmwf_ifs
2025-26,2025-10-13,America/Los_Angeles,2025-10-13T07:25,2025-10-13T06:55,2025-10-13T07:00,5,1,Mainly clear,41.6,35.7,95,29,0.0,0.0,0.0,8.5,17.7,339,NNW,55,Dense drizzle,49.2,60.0,41.6,0.043,0.0,0.0,2.0,9.4,18.1,15,NNE,45.72,-122.803,45.729347,-122.791794,1.0,ecmwf_ifs
2025-26,2025-10-15,America/Los_Angeles,2025-10-15T07:28,2025-10-15T06:58,2025-10-15T07:00,2,0,Clear sky,41.6,36.8,86,13,0.0,0.0,0.0,4.8,10.3,342,NNW,3,Overcast,51.0,63.5,41.6,0.0,0.0,0.0,0.0,7.5,12.5,352,N,45.72,-122.803,45.729347,-122.791794,1.0,ecmwf_ifs
2025-26,2025-10-17,America/Los_Angeles,2025-10-17T07:31,2025-10-17T07:01,2025-10-17T07:00,-1,51,Light drizzle,51.9,51.6,93,100,0.008,0.008,0.0,0.7,7.4,141,SE,51,Light drizzle,54.3,61.2,48.5,0.02,0.02,0.0,4.0,9.0,18.3,319,NW,45.72,-122.803,45.729347,-122.791794,1.0,ecmwf_ifs
2025-26,2025-10-19,America/Los_Angeles,2025-10-19T07:33,2025-10-19T07:03,2025-10-19T07:00,-3,2,Partly cloudy,50.0,44.7,94,73,0.0,0.0,0.0,11.4,20.1,191,S,80,Slight rain showers,53.6,60.4,48.4,0.177,0.126,0.0,11.0,14.7,28.2,230,SW,45.72,-122.803,45.729347,-122.791794,1.0,ecmwf_ifs
2025-26,2025-10-21,America/Los_Angeles,2025-10-21T07:36,2025-10-21T07:06,2025-10-21T07:00,-6,3,Overcast,45.1,42.6,100,95,0.0,0.0,0.0,3.1,7.4,6,N,3,Overcast,51.7,63.3,44.7,0.0,0.0,0.0,0.0,6.8,13.4,344,NNW,45.72,-122.803,45.729347,-122.791794,1.0,ecmwf_ifs
2025-26,2025-10-23,America/Los_Angeles,2025-10-23T07:39,2025-10-23T07:09,2025-10-23T07:00,-9,3,Overcast,50.0,49.1,97,100,0.0,0.0,0.0,1.7,3.6,165,SSE,3,Overcast,54.3,62.2,48.9,0.0,0.0,0.0,0.0,4.7,11.2,168,SSE,45.72,-122.803,45.729347,-122.791794,1.0,ecmwf_ifs
2025-26,2025-10-25,America/Los_Angeles,2025-10-25T07:42,2025-10-25T07:12,2025-10-25T07:00,-12,81,Moderate rain showers,48.0,43.7,88,100,0.098,0.031,0.0,6.8,18.3,169,S,96,Thunderstorm with slight hail,49.6,53.7,46.8,0.949,0.232,0.0,16.0,20.6,45.6,180,S,45.72,-122.803,45.729347,-122.791794,1.0,ecmwf_ifs
2025-26,2025-10-30,America/Los_Angeles,2025-10-30T07:49,2025-10-30T07:19,2025-10-30T07:00,-19,3,Overcast,42.1,36.9,84,98,0.0,0.0,0.0,5.4,11.4,346,NNW,3,Overcast,48.3,55.9,42.1,0.0,0.0,0.0,0.0,8.6,17.0,338,NNW,45.72,-122.803,45.729347,-122.791794,1.0,ecmwf_ifs
2025-26,2025-11-01,America/Los_Angeles,2025-11-01T07:51,2025-11-01T07:21,2025-11-01T07:00,-21,80,Slight rain showers,56.8,53.3,94,100,0.075,0.067,0.0,11.9,27.1,180,S,81,Moderate rain showers,54.1,59.5,44.7,0.969,0.795,0.0,15.0,13.0,31.3,199,SSW,45.72,-122.803,45.729347,-122.791794,1.0,ecmwf_ifs
2025-26,2025-11-03,America/Los_Angeles,2025-11-03T07:54,2025-11-03T07:24,2025-11-03T07:00,-24,3,Overcast,48.7,45.9,73,100,0.0,0.0,0.0,1.4,3.6,299,WNW,61,Slight rain,48.3,49.9,46.5,0.528,0.528,0.0,15.0,9.4,17.4,324,NW,45.72,-122.803,45.729347,-122.791794,1.0,ecmwf_ifs
2025-26,2025-11-05,America/Los_Angeles,2025-11-05T07:57,2025-11-05T07:27,2025-11-05T07:00,-27,55,Dense drizzle,49.6,45.8,90,100,0.039,0.039,0.0,6.9,17.9,141,SE,95,Thunderstorm,52.6,59.7,49.6,1.161,0.398,0.0,23.0,21.5,40.3,175,S,45.72,-122.803,45.729347,-122.791794,1.0,ecmwf_ifs
2025-26,2025-11-07,America/Los_Angeles,2025-11-07T08:00,2025-11-07T07:30,2025-11-07T07:00,-30,3,Overcast,45.7,44.1,100,100,0.0,0.0,0.0,1.1,3.8,212,SSW,53,Moderate drizzle,49.2,55.9,45.2,0.067,0.02,0.0,8.0,6.1,12.1,193,SSW,45.72,-122.803,45.729347,-122.791794,1.0,ecmwf_ifs
2025-26,2025-11-09,America/Los_Angeles,2025-11-09T08:03,2025-11-09T07:33,2025-11-09T08:00,27,3,Overcast,41.7,38.1,100,100,0.0,0.0,0.0,3.8,8.3,256,WSW,3,Overcast,48.8,58.5,41.7,0.0,0.0,0.0,0.0,5.2,8.9,246,WSW,45.72,-122.803,45.729347,-122.791794,1.0,ecmwf_ifs
2025-26,2025-11-11,America/Los_Angeles,2025-11-11T08:05,2025-11-11T07:35,2025-11-11T08:00,25,2,Partly cloudy,44.5,41.0,94,78,0.0,0.0,0.0,4.1,10.1,331,NNW,3,Overcast,50.1,57.2,44.5,0.0,0.0,0.0,0.0,7.7,14.3,337,NNW,45.72,-122.803,45.729347,-122.791794,1.0,ecmwf_ifs
2025-26,2025-11-13,America/Los_Angeles,2025-11-13T08:08,2025-11-13T07:38,2025-11-13T08:00,22,53,Moderate drizzle,51.3,50.4,93,100,0.035,0.012,0.0,1.7,5.1,310,NW,80,Slight rain showers,53.5,59.9,50.5,0.528,0.165,0.0,17.0,5.4,13.4,299,WNW,45.72,-122.803,45.729347,-122.791794,1.0,ecmwf_ifs
2025-26,2025-11-15,America/Los_Angeles,2025-11-15T08:11,2025-11-15T07:41,2025-11-15T08:00,19,3,Overcast,52.9,51.6,93,100,0.0,0.0,0.0,3.8,7.8,159,SSE,51,Light drizzle,53.6,56.0,49.7,0.016,0.016,0.0,4.0,8.9,16.3,182,S,45.72,-122.803,45.729347,-122.791794,1.0,ecmwf_ifs
2025-26,2025-11-17,America/Los_Angeles,2025-11-17T08:14,2025-11-17T07:44,2025-11-17T08:00,16,53,Moderate drizzle,47.9,43.7,92,100,0.028,0.024,0.0,7.4,17.0,329,NNW,55,Dense drizzle,48.3,52.3,41.5,0.193,0.169,0.0,9.0,11.6,21.3,323,NW,45.72,-122.803,45.729347,-122.791794,1.0,ecmwf_ifs
2025-26,2025-11-19,America/Los_Angeles,2025-11-19T08:17,2025-11-19T07:47,2025-11-19T08:00,13,3,Overcast,38.6,34.5,99,100,0.0,0.0,0.0,3.1,7.2,327,NNW,51,Light drizzle,43.6,50.5,38.2,0.004,0.0,0.0,1.0,7.7,15.9,167,SSE,45.72,-122.803,45.729347,-122.791794,1.0,ecmwf_ifs
2025-26,2025-11-21,America/Los_Angeles,2025-11-21T08:19,2025-11-21T07:49,2025-11-21T08:00,11,3,Overcast,38.0,34.9,100,100,0.0,0.0,0.0,0.8,2.7,153,SSE,3,Overcast,42.2,48.3,37.2,0.0,0.0,0.0,0.0,5.2,8.9,29,NNE,45.72,-122.803,45.729347,-122.791794,1.0,ecmwf_ifs
2025-26,2025-11-23,America/Los_Angeles,2025-11-23T08:22,2025-11-23T07:52,2025-11-23T08:00,8,53,Moderate drizzle,43.3,39.1,96,100,0.02,0.02,0.0,5.3,10.5,156,SSE,53,Moderate drizzle,44.7,47.0,43.0,0.201,0.177,0.0,17.0,6.8,11.2,181,S,45.72,-122.803,45.729347,-122.791794,1.0,ecmwf_ifs
2025-26,2025-11-25,America/Los_Angeles,2025-11-25T08:24,2025-11-25T07:54,2025-11-25T08:00,6,3,Overcast,39.5,36.6,100,100,0.0,0.0,0.0,0.8,4.9,117,ESE,81,Moderate rain showers,42.1,45.5,38.8,0.496,0.35,0.0,10.0,6.9,13.6,177,S,45.72,-122.803,45.729347,-122.791794,1.0,ecmwf_ifs
2025-26,2025-11-29,America/Los_Angeles,2025-11-29T08:29,2025-11-29T07:59,2025-11-29T08:00,1,3,Overcast,39.9,36.2,83,100,0.0,0.0,0.0,1.0,2.5,276,W,3,Overcast,44.2,48.8,38.9,0.0,0.0,0.0,0.0,3.5,8.5,223,SW,45.72,-122.803,45.729347,-122.791794,1.0,ecmwf_ifs
2025-26,2025-12-01,America/Los_Angeles,2025-12-01T08:32,2025-12-01T08:02,2025-12-01T08:00,-2,3,Overcast,35.2,30.8,97,100,0.0,0.0,0.0,2.1,5.1,22,NNE,3,Overcast,39.7,46.0,35.2,0.0,0.0,0.0,0.0,4.4,9.2,35,NE,45.72,-122.803,45.729347,-122.791794,1.0,ecmwf_ifs
2025-26,2025-12-03,America/Los_Angeles,2025-12-03T08:34,2025-12-03T08:04,2025-12-03T08:00,-4,3,Overcast,40.5,37.0,99,100,0.0,0.0,0.0,2.6,6.3,7,N,3,Overcast,42.0,45.7,39.7,0.0,0.0,0.0,0.0,3.1,6.9,0,N,45.72,-122.803,45.729347,-122.791794,1.0,ecmwf_ifs
2025-26,2025-12-05,America/Los_Angeles,2025-12-05T08:36,2025-12-05T08:06,2025-12-05T08:00,-6,80,Slight rain showers,46.1,44.1,97,100,0.083,0.02,0.0,2.0,6.9,211,SSW,81,Moderate rain showers,49.7,55.9,44.2,0.492,0.24,0.0,17.0,13.1,24.2,220,SW,45.72,-122.803,45.729347,-122.791794,1.0,ecmwf_ifs
2025-26,2025-12-07,America/Los_Angeles,2025-12-07T08:38,2025-12-07T08:08,2025-12-07T08:00,-8,51,Light drizzle,48.5,43.3,93,100,0.016,0.016,0.0,10.2,19.2,165,SSE,80,Slight rain showers,50.2,56.3,46.6,0.319,0.291,0.0,16.0,13.2,25.7,190,S,45.72,-122.803,45.729347,-122.791794,1.0,ecmwf_ifs
2025-26,2025-12-09,America/Los_Angeles,2025-12-09T08:40,2025-12-09T08:10,2025-12-09T08:00,-10,61,Slight rain,48.1,45.2,90,100,0.087,0.087,0.0,4.0,14.5,14,NNE,81,Moderate rain showers,49.3,54.4,46.3,1.268,1.228,0.0,24.0,14.1,29.5,215,SW,45.72,-122.803,45.729347,-122.791794,1.0,ecmwf_ifs
2025-26,2025-12-11,America/Los_Angeles,2025-12-11T08:42,2025-12-11T08:12,2025-12-11T08:00,-12,3,Overcast,54.4,52.7,93,100,0.0,0.0,0.0,5.8,15.9,208,SSW,51,Light drizzle,56.1,59.3,53.4,0.067,0.055,0.0,13.0,14.0,26.4,206,SSW,45.72,-122.803,45.729347,-122.791794,1.0,ecmwf_ifs
2025-26,2025-12-13,America/Los_Angeles,2025-12-13T08:44,2025-12-13T08:14,2025-12-13T08:00,-14,3,Overcast,47.2,45.5,95,100,0.0,0.0,0.0,1.3,4.3,180,S,3,Overcast,48.4,55.2,43.5,0.0,0.0,0.0,0.0,4.9,9.4,184,S,45.72,-122.803,45.729347,-122.791794,1.0,ecmwf_ifs
2025-26,2025-12-15,America/Los_Angeles,2025-12-15T08:45,2025-12-15T08:15,2025-12-15T08:00,-15,53,Moderate drizzle,52.2,47.4,90,100,0.02,0.02,0.0,11.1,20.8,177,S,80,Slight rain showers,52.8,60.3,48.7,0.642,0.358,0.0,18.0,15.4,29.5,191,S,45.72,-122.803,45.729347,-122.791794,1.0,ecmwf_ifs
2025-26,2025-12-17,America/Los_Angeles,2025-12-17T08:46,2025-12-17T08:16,2025-12-17T08:00,-16,1,Mainly clear,42.7,36.8,81,35,0.0,0.0,0.0,7.1,14.3,225,SW,82,Violent rain showers,46.8,55.6,42.7,0.709,0.63,0.0,5.0,18.9,43.2,229,SW,45.72,-122.803,45.729347,-122.791794,1.0,ecmwf_ifs
2025-26,2025-12-19,America/Los_Angeles,2025-12-19T08:48,2025-12-19T08:18,2025-12-19T08:00,-18,2,Partly cloudy,39.4,35.1,94,63,0.0,0.0,0.0,3.5,7.4,237,WSW,51,Light drizzle,42.8,47.1,37.9,0.024,0.016,0.0,3.0,11.3,23.9,231,SW,45.72,-122.803,45.729347,-122.791794,1.0,ecmwf_ifs
2025-26,2025-12-21,America/Los_Angeles,2025-12-21T08:49,2025-12-21T08:19,2025-12-21T08:00,-19,3,Overcast,39.5,35.8,89,100,0.0,0.0,0.0,1.4,4.5,198,SSW,53,Moderate drizzle,42.3,45.9,38.6,0.063,0.024,0.0,7.0,4.8,12.3,187,S,45.72,-122.803,45.729347,-122.791794,1.0,ecmwf_ifs
2025-26,2025-12-23,America/Los_Angeles,2025-12-23T08:50,2025-12-23T08:20,2025-12-23T08:00,-20,51,Light drizzle,42.2,40.0,98,99,0.004,0.004,0.0,0.3,2.9,153,SSE,51,Light drizzle,43.1,44.8,41.7,0.063,0.059,0.0,12.0,7.0,11.0,322,NW,45.72,-122.803,45.729347,-122.791794,1.0,ecmwf_ifs
2025-26,2025-12-26,America/Los_Angeles,2025-12-26T08:51,2025-12-26T08:21,2025-12-26T08:00,-21,0,Clear sky,38.9,35.6,98,16,0.0,0.0,0.0,1.5,11.4,184,S,53,Moderate drizzle,40.9,44.6,38.6,0.039,0.039,0.0,2.0,7.0,13.0,247,WSW,45.72,-122.803,45.729347,-122.791794,1.0,ecmwf_ifs
2025-26,2025-12-28,America/Los_Angeles,2025-12-28T08:51,2025-12-28T08:21,2025-12-28T08:00,-21,3,Overcast,34.0,29.2,99,100,0.0,0.0,0.0,2.8,7.6,326,NW,3,Overcast,37.7,43.7,33.7,0.0,0.0,0.0,0.0,7.6,15.4,347,NNW,45.72,-122.803,45.729347,-122.791794,1.0,ecmwf_ifs
2025-26,2025-12-30,America/Los_Angeles,2025-12-30T08:52,2025-12-30T08:22,2025-12-30T08:00,-22,3,Overcast,31.5,25.8,80,93,0.0,0.0,0.0,2.4,4.0,281,W,3,Overcast,36.6,44.2,30.9,0.0,0.0,0.0,0.0,3.9,9.6,280,W,45.72,-122.803,45.729347,-122.791794,1.0,ecmwf_ifs
2025-26,2026-01-01,America/Los_Angeles,2026-01-01T08:52,2026-01-01T08:22,2026-01-01T08:00,-22,51,Light drizzle,34.7,30.5,97,100,0.004,0.004,0.0,1.8,3.6,207,SSW,55,Dense drizzle,36.3,40.1,32.3,0.228,0.228,0.0,18.0,6.2,10.1,258,WSW,45.72,-122.803,45.729347,-122.791794,1.0,ecmwf_ifs
2025-26,2026-01-03,America/Los_Angeles,2026-01-03T08:52,2026-01-03T08:22,2026-01-03T08:00,-22,53,Moderate drizzle,43.3,38.4,94,100,0.02,0.016,0.0,6.9,14.1,156,SSE,80,Slight rain showers,46.1,51.8,42.8,0.429,0.272,0.0,16.0,9.5,19.9,150,SSE,45.72,-122.803,45.729347,-122.791794,1.0,ecmwf_ifs
2025-26,2026-01-05,America/Los_Angeles,2026-01-05T08:51,2026-01-05T08:21,2026-01-05T08:00,-21,3,Overcast,37.9,34.7,100,99,0.0,0.0,0.0,1.1,3.4,354,N,80,Slight rain showers,40.7,46.2,37.8,0.106,0.004,0.0,2.0,7.2,14.3,180,S,45.72,-122.803,45.729347,-122.791794,1.0,ecmwf_ifs
2025-26,2026-01-07,America/Los_Angeles,2026-01-07T08:51,2026-01-07T08:21,2026-01-07T08:00,-21,51,Light drizzle,38.8,32.8,92,100,0.012,0.004,0.0,7.1,13.0,196,SSW,85,Slight snow showers,39.1,43.7,35.4,0.394,0.22,0.028,12.0,12.1,24.2,204,SSW,45.72,-122.803,45.729347,-122.791794,1.0,ecmwf_ifs
2025-26,2026-01-09,America/Los_Angeles,2026-01-09T08:50,2026-01-09T08:20,2026-01-09T08:00,-20,1,Mainly clear,37.1,33.6,99,48,0.0,0.0,0.0,1.1,2.9,96,E,51,Light drizzle,42.0,48.7,36.4,0.012,0.012,0.0,3.0,5.5,10.3,197,SSW,45.72,-122.803,45.729347,-122.791794,1.0,ecmwf_ifs
2025-26,2026-01-11,America/Los_Angeles,2026-01-11T08:49,2026-01-11T08:19,2026-01-11T08:00,-19,3,Overcast,40.4,36.3,97,100,0.0,0.0,0.0,3.8,8.1,220,SW,51,Light drizzle,44.2,50.4,40.3,0.004,0.004,0.0,1.0,5.1,11.4,180,S,45.72,-122.803,45.729347,-122.791794,1.0,ecmwf_ifs
2025-26,2026-01-13,America/Los_Angeles,2026-01-13T08:49,2026-01-13T08:19,2026-01-13T08:00,-19,3,Overcast,37.7,34.5,100,100,0.0,0.0,0.0,0.6,1.6,45,NE,3,Overcast,41.4,50.0,37.3,0.0,0.0,0.0,0.0,2.2,6.7,7,N,45.72,-122.803,45.729347,-122.791794,1.0,ecmwf_ifs
2025-26,2026-01-15,America/Los_Angeles,2026-01-15T08:47,2026-01-15T08:17,2026-01-15T08:00,-17,2,Partly cloudy,41.7,37.7,97,74,0.0,0.0,0.0,4.2,9.4,14,NNE,3,Overcast,45.3,54.4,40.9,0.0,0.0,0.0,0.0,10.9,21.5,348,NNW,45.72,-122.803,45.729347,-122.791794,1.0,ecmwf_ifs
2025-26,2026-01-17,America/Los_Angeles,2026-01-17T08:46,2026-01-17T08:16,2026-01-17T08:00,-16,0,Clear sky,34.2,29.3,81,2,0.0,0.0,0.0,1.3,2.7,275,W,0,Clear sky,39.9,48.5,33.8,0.0,0.0,0.0,0.0,4.0,9.2,302,WNW,45.72,-122.803,45.729347,-122.791794,1.0,ecmwf_ifs
2025-26,2026-01-19,America/Los_Angeles,2026-01-19T08:45,2026-01-19T08:15,2026-01-19T08:00,-15,0,Clear sky,31.3,25.8,81,1,0.0,0.0,0.0,1.9,3.4,260,W,0,Clear sky,37.6,48.1,31.3,0.0,0.0,0.0,0.0,3.6,8.5,281,W,45.72,-122.803,45.729347,-122.791794,1.0,ecmwf_ifs
2025-26,2026-01-21,America/Los_Angeles,2026-01-21T08:43,2026-01-21T08:13,2026-01-21T08:00,-13,0,Clear sky,28.2,22.3,87,3,0.0,0.0,0.0,2.6,5.6,252,WSW,3,Overcast,34.2,43.8,28.0,0.0,0.0,0.0,0.0,3.9,8.3,262,W,45.72,-122.803,45.729347,-122.791794,1.0,ecmwf_ifs
2025-26,2026-01-23,America/Los_Angeles,2026-01-23T08:42,2026-01-23T08:12,2026-01-23T08:00,-12,1,Mainly clear,32.2,27.2,78,26,0.0,0.0,0.0,0.9,2.7,346,NNW,3,Overcast,35.7,43.2,29.8,0.0,0.0,0.0,0.0,4.9,11.2,358,N,45.72,-122.803,45.729347,-122.791794,1.0,ecmwf_ifs
2025-26,2026-01-25,America/Los_Angeles,2026-01-25T08:40,2026-01-25T08:10,2026-01-25T08:00,-10,3,Overcast,24.9,19.5,97,99,0.0,0.0,0.0,1.2,3.4,5,N,3,Overcast,32.2,44.3,24.6,0.0,0.0,0.0,0.0,2.8,7.4,307,NW,45.72,-122.803,45.729347,-122.791794,1.0,ecmwf_ifs
