category,season,local_path,source_url,bytes,sha256
daily_harvest,2021-22,data/raw/odfw/sauvie-island/2021-22/harvest/daily/2021-10-16.pdf,https://www.dfw.state.or.us/resources/hunting/waterfowl/counts/sauvie_island/2021-22/10162021s.pdf,81363,903d3f3b43df1735303fca53133de7eff7aa05d4bd4aa68b99a4a4d427b8a6b7
daily_harvest,2021-22,data/raw/odfw/sauvie-island/2021-22/harvest/daily/2021-10-18.pdf,https://www.dfw.state.or.us/resources/hunting/waterfowl/counts/sauvie_island/2021-22/10182021s.pdf,81608,73bfa3094a74c1d0cb549586c98f5c18bfeafeba0e1273044eadd87c4b3e40db
daily_harvest,2021-22,data/raw/odfw/sauvie-island/2021-22/harvest/daily/2021-10-20.pdf,https://www.dfw.state.or.us/resources/hunting/waterfowl/counts/sauvie_island/2021-22/10202021s.pdf,81576,37c29d2ab7c2e28c2814cf04cfbb571ca3339a3649fb1baf69b96a066de67ac5
daily_harvest,2021-22,data/raw/odfw/sauvie-island/2021-22/harvest/daily/2021-10-22.pdf,https://www.dfw.state.or.us/resources/hunting/waterfowl/counts/sauvie_island/2021-22/10222021s.pdf,20210,f87eb8ea25da6eb67e5b0eb039ba511f176562be7e86531f098f334a3a886120
daily_harvest,2021-22,data/raw/odfw/sauvie-island/2021-22/harvest/daily/2021-10-24.pdf,https://www.dfw.state.or.us/resources/hunting/waterfowl/counts/sauvie_island/2021-22/10242021s.pdf,20240,336dc02f2feb1a8bc3011b8639f3067b7cdea353d24a84c21c6f685e82372eff
daily_harvest,2021-22,data/raw/odfw/sauvie-island/2021-22/harvest/daily/2021-10-26.pdf,https://www.dfw.state.or.us/resources/hunting/waterfowl/counts/sauvie_island/2021-22/10262021s.pdf,81034,3a6aa08980aebba4bd0af1671a77d0a8724cba82fe9c6cba94fdd7a9e4086592
daily_harvest,2021-22,data/raw/odfw/sauvie-island/2021-22/harvest/daily/2021-10-28.pdf,https://www.dfw.state.or.us/resources/hunting/waterfowl/counts/sauvie_island/2021-22/10282021s.pdf,81404,d4fc061133d2065c5366a4f9870800a2da6f7c0df3b69405d693f75648b6f4a4
daily_harvest,2021-22,data/raw/odfw/sauvie-island/2021-22/harvest/daily/2021-10-30.pdf,https://www.dfw.state.or.us/resources/hunting/waterfowl/counts/sauvie_island/2021-22/10302021s.pdf,81103,3f6c4b6a194351ce5e1c730708d16050a5a9845f7ab82a4655252e0b07e8902f
daily_harvest,2021-22,data/raw/odfw/sauvie-island/2021-22/harvest/daily/2021-11-04.pdf,https://www.dfw.state.or.us/resources/hunting/waterfowl/counts/sauvie_island/2021-22/11042021s.pdf,81325,6d27886fcf7b93d9054e317fcfcab62daa65c271446f626561c98f877596df69
daily_harvest,2021-22,data/raw/odfw/sauvie-island/2021-22/harvest/daily/2021-11-06.pdf,https://www.dfw.state.or.us/resources/hunting/waterfowl/counts/sauvie_island/2021-22/11062021s.pdf,20402,9b6cacd4a55eceedd6bd8ff465aa06ece0b0a9d6bafb0b1f79cbca31bf681d39
daily_harvest,2021-22,data/raw/odfw/sauvie-island/2021-22/harvest/daily/2021-11-08.pdf,https://www.dfw.state.or.us/resources/hunting/waterfowl/counts/sauvie_island/2021-22/11082021s.pdf,20212,2b5b3fd38745e2d998067d062ff5cf527781a60279786bc64e85e83d33f6657c
daily_harvest,2021-22,data/raw/odfw/sauvie-island/2021-22/harvest/daily/2021-11-10.pdf,https://www.dfw.state.or.us/resources/hunting/waterfowl/counts/sauvie_island/2021-22/11102021s.pdf,20224,3feb597a3f3b33e07cb86c653ebd52a92e3261f704638d4ef2393dbc365b88e7
daily_harvest,2021-22,data/raw/odfw/sauvie-island/2021-22/harvest/daily/2021-11-12.pdf,https://www.dfw.state.or.us/resources/hunting/waterfowl/counts/sauvie_island/2021-22/11122021s.pdf,20242,e3732a837f8694320da0969ff86f6fe1acbc145552851345458b6113edb4797d
daily_harvest,2021-22,data/raw/odfw/sauvie-island/2021-22/harvest/daily/2021-11-14.pdf,https://www.dfw.state.or.us/resources/hunting/waterfowl/counts/sauvie_island/2021-22/11142021s.pdf,20247,8d88b6efc208f45e5a5585c7af95249a78297809706bbb5bdf4d3f8868a70192
daily_harvest,2021-22,data/raw/odfw/sauvie-island/2021-22/harvest/daily/2021-11-16.pdf,https://www.dfw.state.or.us/resources/hunting/waterfowl/counts/sauvie_island/2021-22/11162021s.pdf,81063,c27c75fa6cf617dfc802f819f6393ce4cc3a3cde4ad2c1b9c8fb3d141f7a6f23
daily_harvest,2021-22,data/raw/odfw/sauvie-island/2021-22/harvest/daily/2021-11-18.pdf,https://www.dfw.state.or.us/resources/hunting/waterfowl/counts/sauvie_island/2021-22/11182021s.pdf,81273,59101ad6029d28768fcee682070628599d9a0d7a24157cf1be5fd62e8bf16e62
daily_harvest,2021-22,data/raw/odfw/sauvie-island/2021-22/harvest/daily/2021-11-20.pdf,https://www.dfw.state.or.us/resources/hunting/waterfowl/counts/sauvie_island/2021-22/11202021s.pdf,80863,be2e0ff6b17619b78f0b28d6012386fa5e82fc130b480f35bd18b2a8195cfe6f
daily_harvest,2021-22,data/raw/odfw/sauvie-island/2021-22/harvest/daily/2021-11-22.pdf,https://www.dfw.state.or.us/resources/hunting/waterfowl/counts/sauvie_island/2021-22/11222021s.pdf,20249,02e92144149342ca677e26355cd963781c564732df6ce507fd1af08c086fd798
daily_harvest,2021-22,data/raw/odfw/sauvie-island/2021-22/harvest/daily/2021-11-24.pdf,https://www.dfw.state.or.us/resources/hunting/waterfowl/counts/sauvie_island/2021-22/11242021s.pdf,80955,653faff88a28ac5ab57081df6bd82b75bdbcedd1eb115345acd5654da15bca51
daily_harvest,2021-22,data/raw/odfw/sauvie-island/2021-22/harvest/daily/2021-11-27.pdf,https://www.dfw.state.or.us/resources/hunting/waterfowl/counts/sauvie_island/2021-22/11272021s.pdf,81042,5ac116fe502fd8c5cb56f9d2578ee60a58fb7a5b7bcfb395ced5d1324842b787
daily_harvest,2021-22,data/raw/odfw/sauvie-island/2021-22/harvest/daily/2021-11-29.pdf,https://www.dfw.state.or.us/resources/hunting/waterfowl/counts/sauvie_island/2021-22/11292021s.pdf,81044,9b7380beb1a73a08164c11177d5cd877fea057d482f4b0834409a2bbd5f73c1e
daily_harvest,2021-22,data/raw/odfw/sauvie-island/2021-22/harvest/daily/2021-12-01.pdf,https://www.dfw.state.or.us/resources/hunting/waterfowl/counts/sauvie_island/2021-22/12012021s.pdf,61682,14317c1c6ad13b6b2a4c1d07a4f11946ac202ead9a60e2528a53980405562da0
daily_harvest,2021-22,data/raw/odfw/sauvie-island/2021-22/harvest/daily/2021-12-03.pdf,https://www.dfw.state.or.us/resources/hunting/waterfowl/counts/sauvie_island/2021-22/12032021s.pdf,61657,42401852eb73108b2409f08d4199be953cca5b0a9f62acd0d6f31f51131093f6
daily_harvest,2021-22,data/raw/odfw/sauvie-island/2021-22/harvest/daily/2021-12-05.pdf,https://www.dfw.state.or.us/resources/hunting/waterfowl/counts/sauvie_island/2021-22/12052021s.pdf,61795,1983f25d7a7c8aa44f813f8c1dedb284886b7ea2e9298f5fca6df88a2dc1027f
daily_harvest,2021-22,data/raw/odfw/sauvie-island/2021-22/harvest/daily/2021-12-07.pdf,https://www.dfw.state.or.us/resources/hunting/waterfowl/counts/sauvie_island/2021-22/12072021s.pdf,20225,fb9420135519383c2a0d437b7b202df1e1e7d87d5b49a5f44220103283617015
daily_harvest,2021-22,data/raw/odfw/sauvie-island/2021-22/harvest/daily/2021-12-09.pdf,https://www.dfw.state.or.us/resources/hunting/waterfowl/counts/sauvie_island/2021-22/12092021s.pdf,20231,69e1bfceb9d3fb8420fbe151c9e9506b92b3137130c31fbd67b4c9a1223c73b3
daily_harvest,2021-22,data/raw/odfw/sauvie-island/2021-22/harvest/daily/2021-12-11.pdf,https://www.dfw.state.or.us/resources/hunting/waterfowl/counts/sauvie_island/2021-22/12112021s.pdf,20267,be1cca7edcc14359fb09936a1710070fd6368d78f41d44a5e427b3df937ca95e
daily_harvest,2021-22,data/raw/odfw/sauvie-island/2021-22/harvest/daily/2021-12-13.pdf,https://www.dfw.state.or.us/resources/hunting/waterfowl/counts/sauvie_island/2021-22/12132021s.pdf,20220,63364d3cc9e02f916a40bf379fe005cdf591e54fa743ebc0865d20541573357c
daily_harvest,2021-22,data/raw/odfw/sauvie-island/2021-22/harvest/daily/2021-12-15.pdf,https://www.dfw.state.or.us/resources/hunting/waterfowl/counts/sauvie_island/2021-22/12152021s.pdf,62005,085889ac0963e259a812d7f7cc4acf2796a30cce07cac0a1bb3502cdfb566138
daily_harvest,2021-22,data/raw/odfw/sauvie-island/2021-22/harvest/daily/2021-12-17.pdf,https://www.dfw.state.or.us/resources/hunting/waterfowl/counts/sauvie_island/2021-22/12172021s.pdf,61786,a952cf7bec44bdc0a4f1c8928958c1add5f858ecdbede0dcae4e083440cf153c
daily_harvest,2021-22,data/raw/odfw/sauvie-island/2021-22/harvest/daily/2021-12-19.pdf,https://www.dfw.state.or.us/resources/hunting/waterfowl/counts/sauvie_island/2021-22/12192021s.pdf,61735,f366d68804488f69e107bffa3e83f89889886f8b36806e5852f7a91fb43dc505
daily_harvest,2021-22,data/raw/odfw/sauvie-island/2021-22/harvest/daily/2021-12-21.pdf,https://www.dfw.state.or.us/resources/hunting/waterfowl/counts/sauvie_island/2021-22/12212021s.pdf,61801,f264cbc332306d7e15484bf0e6973c298466a139eb35249e754ab2bbdba96bc8
daily_harvest,2021-22,data/raw/odfw/sauvie-island/2021-22/harvest/daily/2021-12-23.pdf,https://www.dfw.state.or.us/resources/hunting/waterfowl/counts/sauvie_island/2021-22/12232021s.pdf,61508,9624b6a3f9b6751dc000e3b057f868340b00da2ba9519f696bc12e1953b49fa4
daily_harvest,2021-22,data/raw/odfw/sauvie-island/2021-22/harvest/daily/2021-12-26.pdf,https://www.dfw.state.or.us/resources/hunting/waterfowl/counts/sauvie_island/2021-22/12262021s.pdf,62014,5575fda609f9065fe99e7cfb0605d2638ecf11f786ad8723a83dd2ae83283dd9
daily_harvest,2021-22,data/raw/odfw/sauvie-island/2021-22/harvest/daily/2021-12-28.pdf,https://www.dfw.state.or.us/resources/hunting/waterfowl/counts/sauvie_island/2021-22/12282021s.pdf,62006,ee9615976c144cac5d1e207238b8daad2653d8f22199b32bb0ad6b48569ae1ae
daily_harvest,2021-22,data/raw/odfw/sauvie-island/2021-22/harvest/daily/2021-12-30.pdf,https://www.dfw.state.or.us/resources/hunting/waterfowl/counts/sauvie_island/2021-22/12302021s.pdf,61705,c5f46c7a309d5963da396faaa3568d8658888ca678aa87383b26b93be4ee65be
daily_harvest,2021-22,data/raw/odfw/sauvie-island/2021-22/harvest/daily/2022-01-01.pdf,https://www.dfw.state.or.us/resources/hunting/waterfowl/counts/sauvie_island/2021-22/01012022s.pdf,61240,a47e6995739221fcb4d9116d693d9035551c0e66efe5b7da84cd8817d449fb9a
daily_harvest,2021-22,data/raw/odfw/sauvie-island/2021-22/harvest/daily/2022-01-03.pdf,https://www.dfw.state.or.us/resources/hunting/waterfowl/counts/sauvie_island/2021-22/01032022s.pdf,20243,c80ffb51db37b56237cb21f56704d6c3f5ccba1e0e0d20b96df3b89f4d5a8652
daily_harvest,2021-22,data/raw/odfw/sauvie-island/2021-22/harvest/daily/2022-01-05.pdf,https://www.dfw.state.or.us/resources/hunting/waterfowl/counts/sauvie_island/2021-22/01052022s.pdf,61444,188fa2f0fa24aab34b496d8bca245bf2e9b42a1b891bccedad16ba0e0cc592d5
daily_harvest,2021-22,data/raw/odfw/sauvie-island/2021-22/harvest/daily/2022-01-07.pdf,https://www.dfw.state.or.us/resources/hunting/waterfowl/counts/sauvie_island/2021-22/01072022s.pdf,61167,f502245eee0a2285977d0c38b7c64228acc744a5bf7b9e37c48f0c886ab08778
daily_harvest,2021-22,data/raw/odfw/sauvie-island/2021-22/harvest/daily/2022-01-09.pdf,https://www.dfw.state.or.us/resources/hunting/waterfowl/counts/sauvie_island/2021-22/01092022s.pdf,61147,1978c0e29618ffc21793c1669ffef4c7958ba4a43ce543de63a70c40dc5e9c06
daily_harvest,2021-22,data/raw/odfw/sauvie-island/2021-22/harvest/daily/2022-01-11.pdf,https://www.dfw.state.or.us/resources/hunting/waterfowl/counts/sauvie_island/2021-22/01112022s.pdf,60978,b4b87b5782becac7bd7babf2c6d06b20719441e36112af86bedadfe8a731b8a3
daily_harvest,2021-22,data/raw/odfw/sauvie-island/2021-22/harvest/daily/2022-01-13.pdf,https://www.dfw.state.or.us/resources/hunting/waterfowl/counts/sauvie_island/2021-22/01132022s.pdf,61375,9aa8bb463855b23b2603b728c5f6d542efee000ed144d56ffd0a02efb66e10c0
daily_harvest,2021-22,data/raw/odfw/sauvie-island/2021-22/harvest/daily/2022-01-15.pdf,https://www.dfw.state.or.us/resources/hunting/waterfowl/counts/sauvie_island/2021-22/01152022s.pdf,61563,619544e124ad9ab81982d11c0d13de16fa787b71241627100f6793518b7ac5d6
daily_harvest,2021-22,data/raw/odfw/sauvie-island/2021-22/harvest/daily/2022-01-17.pdf,https://www.dfw.state.or.us/resources/hunting/waterfowl/counts/sauvie_island/2021-22/01172022s.pdf,61702,a4bbd6fe0e4800a574ecaa0a686e544d4adb4bea5b5ad77105dcac77f3d40832
daily_harvest,2021-22,data/raw/odfw/sauvie-island/2021-22/harvest/daily/2022-01-19.pdf,https://www.dfw.state.or.us/resources/hunting/waterfowl/counts/sauvie_island/2021-22/01192022s.pdf,61680,318289c2ebb1d19b1c6114b8aaf94a1aa884510b0efc7b2b0864fad58860597f
daily_harvest,2021-22,data/raw/odfw/sauvie-island/2021-22/harvest/daily/2022-01-21.pdf,https://www.dfw.state.or.us/resources/hunting/waterfowl/counts/sauvie_island/2021-22/01212022s.pdf,61691,4b364b40c675a119722fce296dea1e093099775b3819742565c6942ac31bb27f
daily_harvest,2021-22,data/raw/odfw/sauvie-island/2021-22/harvest/daily/2022-01-23.pdf,https://www.dfw.state.or.us/resources/hunting/waterfowl/counts/sauvie_island/2021-22/01232022s.pdf,61498,7765888ebf126f1f4b895c1077b97597bcdb1b28270c35ac08c603438218cad8
daily_harvest,2021-22,data/raw/odfw/sauvie-island/2021-22/harvest/daily/2022-01-25.pdf,https://www.dfw.state.or.us/resources/hunting/waterfowl/counts/sauvie_island/2021-22/01252022s.pdf,61536,fe42d949b15d854b8aee7012ed5a01bfc0ad18a1245e47b9cf66369b0dcf5064
daily_harvest,2021-22,data/raw/odfw/sauvie-island/2021-22/harvest/daily/2022-01-27.pdf,https://www.dfw.state.or.us/resources/hunting/waterfowl/counts/sauvie_island/2021-22/01272022s.pdf,61682,8a5de997d6195b47ba4e21d6d9e442116dc1a61f622faecb1ea0e912c32f062a
daily_harvest,2021-22,data/raw/odfw/sauvie-island/2021-22/harvest/daily/2022-01-29.pdf,https://www.dfw.state.or.us/resources/hunting/waterfowl/counts/sauvie_island/2021-22/01292022s.pdf,61393,ea212cbe5a7cd8d1e62348dc078a936c5ca94488ac88484f0fb1e7af7b0bcdaf
first_choice_applications,2021-22,data/raw/odfw/sauvie-island/2021-22/reservations/period-a-first-choice-applications.pdf,https://www.dfw.state.or.us/resources/hunting/waterfowl/counts/sauvie_island/2021-22/2021%20SIWA%20A%20Draw%20Number%20of%20first%20choice%20apps.pdf,85699,0994497549acf21d6347e5b3460f088b073825edb93b200d1502085165740054
first_choice_applications,2021-22,data/raw/odfw/sauvie-island/2021-22/reservations/period-b-first-choice-applications.pdf,https://www.dfw.state.or.us/resources/hunting/waterfowl/counts/sauvie_island/2021-22/2021%20SIWA%20B%20Draw%20Number%20of%20first%20choice%20apps.pdf,87017,59ac964afb547fcf68678cdb4f9e03edb662ef6fe60d1cbdb09e6b0c21f26b63
first_choice_applications,2021-22,data/raw/odfw/sauvie-island/2021-22/reservations/period-c-first-choice-applications.pdf,https://www.dfw.state.or.us/resources/hunting/waterfowl/counts/sauvie_island/2021-22/2021%20SIWA%20C%20Draw%20Number%20of%20first%20choice%20apps.pdf,84262,faf9880c0123bbb0a1fa75846bcbb09d7e2f2a5ebf363bcef7072cd625392673
first_choice_applications,2021-22,data/raw/odfw/sauvie-island/2021-22/reservations/period-d-first-choice-applications.pdf,https://www.dfw.state.or.us/resources/hunting/waterfowl/counts/sauvie_island/2021-22/2021%20SIWA%20D%20Draw%20Number%20of%20first%20choice%20apps.pdf,85065,1be3dc2e0ce8eacec8b6a0ce114d0435464ba64c7b7a957078ad2d47b7872ddb
first_choice_applications,2021-22,data/raw/odfw/sauvie-island/2021-22/reservations/period-e-first-choice-applications.pdf,https://www.dfw.state.or.us/resources/hunting/waterfowl/counts/sauvie_island/2021-22/2021%20SIWA%20E%20Draw%20Number%20of%20first%20choice%20apps.pdf,85098,e40afdf50fd97a95a4c6f2daad2add6d0b2b80eba16e8630e2ba3cb25b97115a
first_choice_applications,2021-22,data/raw/odfw/sauvie-island/2021-22/reservations/period-f-first-choice-applications.pdf,https://www.dfw.state.or.us/resources/hunting/waterfowl/counts/sauvie_island/2021-22/2021%20SIWA%20F%20Draw%20Number%20of%20first%20choice%20apps.pdf,85607,a0d8379d8bc8eadbb6c5825597e723b6a7b8b9951e54bb38a83621fb92fc2762
first_choice_applications,2021-22,data/raw/odfw/sauvie-island/2021-22/reservations/period-g-first-choice-applications.pdf,https://www.dfw.state.or.us/resources/hunting/waterfowl/counts/sauvie_island/2021-22/2021%20SIWA%20G%20Draw%20Number%20of%20first%20choice%20apps.pdf,84591,60f755f871ff9f93756f46fbc4f4611690d15e43a976972dd38792303ff2a7b1
daily_harvest,2022-23,data/raw/odfw/sauvie-island/2022-23/harvest/daily/2022-10-15.pdf,https://www.dfw.state.or.us/resources/hunting/waterfowl/counts/sauvie_island/2022-23/10152022s.pdf,61773,147e7c58a06d9effa85f577638c1492a9aee97af172400c1230ff14f4fd13658
daily_harvest,2022-23,data/raw/odfw/sauvie-island/2022-23/harvest/daily/2022-10-17.pdf,https://www.dfw.state.or.us/resources/hunting/waterfowl/counts/sauvie_island/2022-23/10172022s.pdf,61720,e6d97c70c8ac59c8f196d99d9d3f13b18e861b07b1873bf29af1df12f7bd7ee8
daily_harvest,2022-23,data/raw/odfw/sauvie-island/2022-23/harvest/daily/2022-10-19.pdf,https://www.dfw.state.or.us/resources/hunting/waterfowl/counts/sauvie_island/2022-23/10192022s.pdf,20174,e10b5a208bf771fa446cf4fdcc1587430f3ca1dc652e4bfdb5ab166b72a2a3c3
daily_harvest,2022-23,data/raw/odfw/sauvie-island/2022-23/harvest/daily/2022-10-21.pdf,https://www.dfw.state.or.us/resources/hunting/waterfowl/counts/sauvie_island/2022-23/10212022s.pdf,20216,4b687a10801ddb3fc0f5ad043a4f2f3a3bc6b9eacc54e12825f72af90049d531
daily_harvest,2022-23,data/raw/odfw/sauvie-island/2022-23/harvest/daily/2022-10-23.pdf,https://www.dfw.state.or.us/resources/hunting/waterfowl/counts/sauvie_island/2022-23/10232022s.pdf,20232,67d522fd91ccb89bf2707aa630ccce0b28a6452f051b8a0005e0125711fbf884
daily_harvest,2022-23,data/raw/odfw/sauvie-island/2022-23/harvest/daily/2022-10-25.pdf,https://www.dfw.state.or.us/resources/hunting/waterfowl/counts/sauvie_island/2022-23/10252022s.pdf,81851,8e9f0b6989bb4204d6576e009642ce398902d6d9d05f33b720537dc9be997d7b
daily_harvest,2022-23,data/raw/odfw/sauvie-island/2022-23/harvest/daily/2022-10-27.pdf,https://www.dfw.state.or.us/resources/hunting/waterfowl/counts/sauvie_island/2022-23/10272022s.pdf,81615,e075aaabe09836d58141456dc8ca434be4bde897d80729eece6c2e7a8a125829
daily_harvest,2022-23,data/raw/odfw/sauvie-island/2022-23/harvest/daily/2022-10-29.pdf,https://www.dfw.state.or.us/resources/hunting/waterfowl/counts/sauvie_island/2022-23/10292022s.pdf,79616,4a679ca7496239ab77eaaf516d7452fe7bc522ffbf3233ca67df3d7456f8f311
daily_harvest,2022-23,data/raw/odfw/sauvie-island/2022-23/harvest/daily/2022-11-03.pdf,https://www.dfw.state.or.us/resources/hunting/waterfowl/counts/sauvie_island/2022-23/11032022s.pdf,61506,af032c6df2ee5f5983771e20fbf50f9f751ee0ca8065d48efb22ece27d29bae9
daily_harvest,2022-23,data/raw/odfw/sauvie-island/2022-23/harvest/daily/2022-11-05.pdf,https://www.dfw.state.or.us/resources/hunting/waterfowl/counts/sauvie_island/2022-23/11052022s.pdf,61773,54c32e9aacfa22311e1db8e14e03d3c5795407d0929d7f855e51dfe342f47755
daily_harvest,2022-23,data/raw/odfw/sauvie-island/2022-23/harvest/daily/2022-11-07.pdf,https://www.dfw.state.or.us/resources/hunting/waterfowl/counts/sauvie_island/2022-23/11072022s.pdf,61745,b61d703c8065f65739eeb0ec973486b024e03ea3810b14425d6321d11df9646e
daily_harvest,2022-23,data/raw/odfw/sauvie-island/2022-23/harvest/daily/2022-11-09.pdf,https://www.dfw.state.or.us/resources/hunting/waterfowl/counts/sauvie_island/2022-23/11092022s.pdf,61654,11b1955b458f96089ed627d1ac177e834cdd88dd7498cfc71eb5188748dac6db
daily_harvest,2022-23,data/raw/odfw/sauvie-island/2022-23/harvest/daily/2022-11-11.pdf,https://www.dfw.state.or.us/resources/hunting/waterfowl/counts/sauvie_island/2022-23/11112022s.pdf,61528,cfe89743975d8b9b994f39bafb94229333b011a7b0859a97cffc218b69a7676a
daily_harvest,2022-23,data/raw/odfw/sauvie-island/2022-23/harvest/daily/2022-11-13.pdf,https://www.dfw.state.or.us/resources/hunting/waterfowl/counts/sauvie_island/2022-23/11132022s.pdf,61768,252fc9b1743dfdb14755ac672469e34cc7436ea19faecaa6914e85ea2a7f6562
daily_harvest,2022-23,data/raw/odfw/sauvie-island/2022-23/harvest/daily/2022-11-15.pdf,https://www.dfw.state.or.us/resources/hunting/waterfowl/counts/sauvie_island/2022-23/11152022s.pdf,61596,f9141f3d88b959e55c18182aa12ac623c41ce5e601074be7dcf9a8ed56eba007
daily_harvest,2022-23,data/raw/odfw/sauvie-island/2022-23/harvest/daily/2022-11-17.pdf,https://www.dfw.state.or.us/resources/hunting/waterfowl/counts/sauvie_island/2022-23/11172022s.pdf,61740,f09dd1cbd1fb1ae9469170070c24cc61650e5c6a0c080e4946ed70a95ad04502
daily_harvest,2022-23,data/raw/odfw/sauvie-island/2022-23/harvest/daily/2022-11-19.pdf,https://www.dfw.state.or.us/resources/hunting/waterfowl/counts/sauvie_island/2022-23/11192022s.pdf,20266,5ddcd3a585a109a25848aa37a70ddf668872224101603d4c1493084560a75444
daily_harvest,2022-23,data/raw/odfw/sauvie-island/2022-23/harvest/daily/2022-11-21.pdf,https://www.dfw.state.or.us/resources/hunting/waterfowl/counts/sauvie_island/2022-23/11212022s.pdf,20258,bae72dcedab4589cb549b7e4945ec5bd9b8e5ab5c598fe7297efa27f8ac3f851
daily_harvest,2022-23,data/raw/odfw/sauvie-island/2022-23/harvest/daily/2022-11-23.pdf,https://www.dfw.state.or.us/resources/hunting/waterfowl/counts/sauvie_island/2022-23/11232022s.pdf,61714,c653fd068b2d2335b6baa47cca719e6a52364d115756a7a9b4ac5c3396563a05
daily_harvest,2022-23,data/raw/odfw/sauvie-island/2022-23/harvest/daily/2022-11-26.pdf,https://www.dfw.state.or.us/resources/hunting/waterfowl/counts/sauvie_island/2022-23/11262022s.pdf,61980,f9b03f15cb72dd138da0f7de825096bcad297e935f8ec4736956a22c8c67dddf
daily_harvest,2022-23,data/raw/odfw/sauvie-island/2022-23/harvest/daily/2022-11-28.pdf,https://www.dfw.state.or.us/resources/hunting/waterfowl/counts/sauvie_island/2022-23/11282022s.pdf,61545,bde4b167d909155ce239cb0f594a68ce95339d40da515e22e197050dfc0bfdb5
daily_harvest,2022-23,data/raw/odfw/sauvie-island/2022-23/harvest/daily/2022-11-30.pdf,https://www.dfw.state.or.us/resources/hunting/waterfowl/counts/sauvie_island/2022-23/11302022s.pdf,61712,9d2e8d882cb0df997580e8162182a89a46d4ee4cc624b8b693ac44678e4f8c2c
daily_harvest,2022-23,data/raw/odfw/sauvie-island/2022-23/harvest/daily/2022-12-02.pdf,https://www.dfw.state.or.us/resources/hunting/waterfowl/counts/sauvie_island/2022-23/12022022s.pdf,61964,0cc4e06f4a19e3b8fcfe2fa0c9200741795eeff0e5be99bf7429e45816796844
daily_harvest,2022-23,data/raw/odfw/sauvie-island/2022-23/harvest/daily/2022-12-04.pdf,https://www.dfw.state.or.us/resources/hunting/waterfowl/counts/sauvie_island/2022-23/12042022s.pdf,61655,4af7341201a7d2ae7613e4e2fc027fcc4781476d089df4237ac1ad3a5c8120d9
daily_harvest,2022-23,data/raw/odfw/sauvie-island/2022-23/harvest/daily/2022-12-06.pdf,https://www.dfw.state.or.us/resources/hunting/waterfowl/counts/sauvie_island/2022-23/12062022s.pdf,61636,bda8c0cb37b1ee58be4ec7a17025d77d621f473bb9e32373ffb323a342061528
daily_harvest,2022-23,data/raw/odfw/sauvie-island/2022-23/harvest/daily/2022-12-08.pdf,https://www.dfw.state.or.us/resources/hunting/waterfowl/counts/sauvie_island/2022-23/12082022s.pdf,61972,2ee6760cb06d79dee99c318474d1bc911bf5baa85b33097f3e956c0a3f0f02b6
daily_harvest,2022-23,data/raw/odfw/sauvie-island/2022-23/harvest/daily/2022-12-10.pdf,https://www.dfw.state.or.us/resources/hunting/waterfowl/counts/sauvie_island/2022-23/12102022s.pdf,61778,c356d76e1237aee5e31681c6185561622162381d0b1390c0d8ae5d5b1b7f1724
daily_harvest,2022-23,data/raw/odfw/sauvie-island/2022-23/harvest/daily/2022-12-12.pdf,https://www.dfw.state.or.us/resources/hunting/waterfowl/counts/sauvie_island/2022-23/12122022s.pdf,61502,fd8b2d28163cbb103cff0d4f8571354c302b6acbc2f2068b8123c798d9e6a6b0
daily_harvest,2022-23,data/raw/odfw/sauvie-island/2022-23/harvest/daily/2022-12-14.pdf,https://www.dfw.state.or.us/resources/hunting/waterfowl/counts/sauvie_island/2022-23/12142022s.pdf,61744,b7cb523c4d9c083c83a456971b665af6e3998bc13a7292424b5ea6158229dffe
daily_harvest,2022-23,data/raw/odfw/sauvie-island/2022-23/harvest/daily/2022-12-16.pdf,https://www.dfw.state.or.us/resources/hunting/waterfowl/counts/sauvie_island/2022-23/12162022s.pdf,60997,e9b488e80b24c3ead87e1881198e84c466df73ca7dc792bc5a796382cf6a2339
daily_harvest,2022-23,data/raw/odfw/sauvie-island/2022-23/harvest/daily/2022-12-18.pdf,https://www.dfw.state.or.us/resources/hunting/waterfowl/counts/sauvie_island/2022-23/12182022s.pdf,62040,70979fc5f79df4e76de76f7a09f917f18d385563e055ce401a9ab43e2dcba77a
daily_harvest,2022-23,data/raw/odfw/sauvie-island/2022-23/harvest/daily/2022-12-20.pdf,https://www.dfw.state.or.us/resources/hunting/waterfowl/counts/sauvie_island/2022-23/12202022s.pdf,61621,c16d9f0c8056ecdcb8b39f014df8f3df08e8c82e910115329b9a6f6cf3a703fb
daily_harvest,2022-23,data/raw/odfw/sauvie-island/2022-23/harvest/daily/2022-12-22.pdf,https://www.dfw.state.or.us/resources/hunting/waterfowl/counts/sauvie_island/2022-23/12222022s.pdf,20244,8bed585a11adfdbe1838ffb1ec0990e309dabe0b86d8b87b7e23ac1f21b78a34
daily_harvest,2022-23,data/raw/odfw/sauvie-island/2022-23/harvest/daily/2022-12-24.pdf,https://www.dfw.state.or.us/resources/hunting/waterfowl/counts/sauvie_island/2022-23/12242022s.pdf,20191,a6d7193accf6be1e85a07645131806139a052d229c0cea472b981d9532d1dcbc
daily_harvest,2022-23,data/raw/odfw/sauvie-island/2022-23/harvest/daily/2022-12-26.pdf,https://www.dfw.state.or.us/resources/hunting/waterfowl/counts/sauvie_island/2022-23/12262022s.pdf,20246,fd66c9b841fd2ed63585ca4c1b49b34104103041e5434ade7faa4391f5f5f0ae
daily_harvest,2022-23,data/raw/odfw/sauvie-island/2022-23/harvest/daily/2022-12-28.pdf,https://www.dfw.state.or.us/resources/hunting/waterfowl/counts/sauvie_island/2022-23/12282022s.pdf,20239,a653eb06b3eefd508ee280a63ef9c56060a243f0db2a2e11be2b66a130b614ec
daily_harvest,2022-23,data/raw/odfw/sauvie-island/2022-23/harvest/daily/2022-12-30.pdf,https://www.dfw.state.or.us/resources/hunting/waterfowl/counts/sauvie_island/2022-23/12302022s.pdf,20246,bd9ee8c217becde911d79d70a0713bf8236f89f439dcb77c1b10fb443ad4a864
daily_harvest,2022-23,data/raw/odfw/sauvie-island/2022-23/harvest/daily/2023-01-01.pdf,https://www.dfw.state.or.us/resources/hunting/waterfowl/counts/sauvie_island/2022-23/01012023s.pdf,20183,107519a0a6f98af45b774d738e17c43aea7737ee7ff7259dd1134b7e68df4c46
daily_harvest,2022-23,data/raw/odfw/sauvie-island/2022-23/harvest/daily/2023-01-03.pdf,https://www.dfw.state.or.us/resources/hunting/waterfowl/counts/sauvie_island/2022-23/01032023s.pdf,20178,ecf52351b70677193186e07ac7c90844cb5b2f3ca07da3409aaa1da8760ffd54
daily_harvest,2022-23,data/raw/odfw/sauvie-island/2022-23/harvest/daily/2023-01-05.pdf,https://www.dfw.state.or.us/resources/hunting/waterfowl/counts/sauvie_island/2022-23/01052023s.pdf,61654,9adce7648f274bc66bd0c9c500d74d0e6d121e1323a552cfa8b86e2f428d7b54
daily_harvest,2022-23,data/raw/odfw/sauvie-island/2022-23/harvest/daily/2023-01-07.pdf,https://www.dfw.state.or.us/resources/hunting/waterfowl/counts/sauvie_island/2022-23/01072023s.pdf,20177,c825cf693c22323ff236aad57f033caa7903a56cfe8869a9d881981f7493f024
daily_harvest,2022-23,data/raw/odfw/sauvie-island/2022-23/harvest/daily/2023-01-09.pdf,https://www.dfw.state.or.us/resources/hunting/waterfowl/counts/sauvie_island/2022-23/01092023s.pdf,60945,eb7d2e807822c6e389812a9ccc4ced95667f782615d7c02e3d5cd56100682833
daily_harvest,2022-23,data/raw/odfw/sauvie-island/2022-23/harvest/daily/2023-01-11.pdf,https://www.dfw.state.or.us/resources/hunting/waterfowl/counts/sauvie_island/2022-23/01112023s.pdf,61457,760bedd51f6920b5e3449945f089ec91acd835dc737f4c74a1ea851973ad08d0
daily_harvest,2022-23,data/raw/odfw/sauvie-island/2022-23/harvest/daily/2023-01-13.pdf,https://www.dfw.state.or.us/resources/hunting/waterfowl/counts/sauvie_island/2022-23/01132023s.pdf,20232,f94b69cd5877c33f3a439a1a4a8e1365f38d9279d4538e2ef60e7ccffc65e2b2
daily_harvest,2022-23,data/raw/odfw/sauvie-island/2022-23/harvest/daily/2023-01-15.pdf,https://www.dfw.state.or.us/resources/hunting/waterfowl/counts/sauvie_island/2022-23/01152023s.pdf,20247,3b13d9935a5ba5c76dd13796d7ae564cf580a0fb56b7d25be32a4bee0e9cbfca
daily_harvest,2022-23,data/raw/odfw/sauvie-island/2022-23/harvest/daily/2023-01-17.pdf,https://www.dfw.state.or.us/resources/hunting/waterfowl/counts/sauvie_island/2022-23/01172023s.pdf,20244,822c0492c67883a82c269b4736b36a91753965c29743dcd5e25b8d82a8da092c
daily_harvest,2022-23,data/raw/odfw/sauvie-island/2022-23/harvest/daily/2023-01-19.pdf,https://www.dfw.state.or.us/resources/hunting/waterfowl/counts/sauvie_island/2022-23/01192023s.pdf,20238,f1c34873c01619e76e4e4cf4e503ac3bcd4f4679c57e34821758cdc4d360df32
daily_harvest,2022-23,data/raw/odfw/sauvie-island/2022-23/harvest/daily/2023-01-21.pdf,https://www.dfw.state.or.us/resources/hunting/waterfowl/counts/sauvie_island/2022-23/01212023s.pdf,61502,9a79bdd580499f9ba2221f26e4f2da97091e99026177e2ce4b38aabaa5011f05
daily_harvest,2022-23,data/raw/odfw/sauvie-island/2022-23/harvest/daily/2023-01-23.pdf,https://www.dfw.state.or.us/resources/hunting/waterfowl/counts/sauvie_island/2022-23/01232023s.pdf,60891,4b575728ddfc84d08e4fedf4049b374577bcb05fee47e88f0009529d749272b3
daily_harvest,2022-23,data/raw/odfw/sauvie-island/2022-23/harvest/daily/2023-01-25.pdf,https://www.dfw.state.or.us/resources/hunting/waterfowl/counts/sauvie_island/2022-23/01252023s.pdf,61692,9b1fca4b681cd0a085ba3d782efe107024c3c66badd3dc7063e3ad407ed2f6fb
daily_harvest,2022-23,data/raw/odfw/sauvie-island/2022-23/harvest/daily/2023-01-27.pdf,https://www.dfw.state.or.us/resources/hunting/waterfowl/counts/sauvie_island/2022-23/01272023s.pdf,61432,dfd3e02c26fb239e0bcfe5f55405c58f41d1a80170587ee8d4882f38fdaa6842
daily_harvest,2022-23,data/raw/odfw/sauvie-island/2022-23/harvest/daily/2023-01-29.pdf,https://www.dfw.state.or.us/resources/hunting/waterfowl/counts/sauvie_island/2022-23/01292023s.pdf,61676,a479490dd8fb51741c4cd713cbe2bd1b4e596c9bb6a8c64df2a15551cfec3b78
first_choice_applications,2022-23,data/raw/odfw/sauvie-island/2022-23/reservations/period-a-first-choice-applications.pdf,https://www.dfw.state.or.us/resources/hunting/waterfowl/counts/sauvie_island/2022-23/2022%20SIWA%20A%20Draw%20Number%20of%20first%20choice%20apps.pdf,132926,6fa9536e070a84377a4eba66a27da70c871312ec2ba3e5f45ee7fbb1f8d2d5ac
first_choice_applications,2022-23,data/raw/odfw/sauvie-island/2022-23/reservations/period-b-first-choice-applications.pdf,https://www.dfw.state.or.us/resources/hunting/waterfowl/counts/sauvie_island/2022-23/2022%20SIWA%20B%20Draw%20Number%20of%20first%20choice%20apps.pdf,132222,c55b9b2add805674086d67dfbf25405fddfd314b44a16ee04624ddb5f51ef6a0
first_choice_applications,2022-23,data/raw/odfw/sauvie-island/2022-23/reservations/period-c-first-choice-applications.pdf,https://www.dfw.state.or.us/resources/hunting/waterfowl/counts/sauvie_island/2022-23/2022%20SIWA%20C%20Draw%20Number%20of%20first%20choice%20apps.pdf,131094,864f89c88b8d6967564d07632085ceece4911a3eabec7a3c0d4e308a39835418
first_choice_applications,2022-23,data/raw/odfw/sauvie-island/2022-23/reservations/period-d-first-choice-applications.pdf,https://www.dfw.state.or.us/resources/hunting/waterfowl/counts/sauvie_island/2022-23/2022%20SIWA%20D%20Draw%20Number%20of%20first%20choice%20apps.pdf,131252,a81715da3234d16c358c444de12cb45e05338af60541b5ce4e5bfacfa5a20a46
first_choice_applications,2022-23,data/raw/odfw/sauvie-island/2022-23/reservations/period-e-first-choice-applications.pdf,https://www.dfw.state.or.us/resources/hunting/waterfowl/counts/sauvie_island/2022-23/2022%20SIWA%20E%20Draw%20Number%20of%20first%20choice%20apps.pdf,133320,7af2e977c2e469f88c2e2ef31edbeb0797cf6231abc3d8baed335b02a280b38a
first_choice_applications,2022-23,data/raw/odfw/sauvie-island/2022-23/reservations/period-f-first-choice-applications.pdf,https://www.dfw.state.or.us/resources/hunting/waterfowl/counts/sauvie_island/2022-23/2022%20SIWA%20F%20Draw%20Number%20of%20first%20choice%20apps.pdf,133073,61c99f54cef9b62e275c6e9b6715cc5510f21faebc24d551cbf1840676242289
first_choice_applications,2022-23,data/raw/odfw/sauvie-island/2022-23/reservations/period-g-first-choice-applications.pdf,https://www.dfw.state.or.us/resources/hunting/waterfowl/counts/sauvie_island/2022-23/2022%20SIWA%20G%20Draw%20Number%20of%20first%20choice%20apps.pdf,130654,9d553060822e2d5462be76376f0227e84e0b72fed46244334ce2a9e089e3a168
daily_harvest,2023-24,data/raw/odfw/sauvie-island/2023-24/harvest/daily/2023-10-14.pdf,https://www.dfw.state.or.us/resources/hunting/waterfowl/counts/sauvie_island/2023-24/10142023s.pdf,117293,2340a6dcbc98108028c98fa8f0197f1997cfa314f833770dccb9b3ca66c64768
daily_harvest,2023-24,data/raw/odfw/sauvie-island/2023-24/harvest/daily/2023-10-16.pdf,https://www.dfw.state.or.us/resources/hunting/waterfowl/counts/sauvie_island/2023-24/10162023s.pdf,205133,4b108bca6b8b9553a68169ba07de3aae26aa68c445f1b4de375b00ab02f23309
daily_harvest,2023-24,data/raw/odfw/sauvie-island/2023-24/harvest/daily/2023-10-18.pdf,https://www.dfw.state.or.us/resources/hunting/waterfowl/counts/sauvie_island/2023-24/10182023s.pdf,204652,8d216a2f1b9906e035e56b616160bb6670cf1f531840ea9a00c64145038b8ae0
daily_harvest,2023-24,data/raw/odfw/sauvie-island/2023-24/harvest/daily/2023-10-20.pdf,https://www.dfw.state.or.us/resources/hunting/waterfowl/counts/sauvie_island/2023-24/10202023s.pdf,205191,8d8deb0ffe9d31becca4b4cc139fb0c0ebd9a97e86fac8906525769575149427
daily_harvest,2023-24,data/raw/odfw/sauvie-island/2023-24/harvest/daily/2023-10-22.pdf,https://www.dfw.state.or.us/resources/hunting/waterfowl/counts/sauvie_island/2023-24/10222023s.pdf,206337,6336c8aec1fed2acfb0ec9be7683a9dbae21a3287de9d1ef517148dc25cdc338
daily_harvest,2023-24,data/raw/odfw/sauvie-island/2023-24/harvest/daily/2023-10-24.pdf,https://www.dfw.state.or.us/resources/hunting/waterfowl/counts/sauvie_island/2023-24/10242023s.pdf,205366,cda10f875afd68233dcdb12dbac7c53f6cc8e7e9de88662a74fd85fefbbc68ae
daily_harvest,2023-24,data/raw/odfw/sauvie-island/2023-24/harvest/daily/2023-10-26.pdf,https://www.dfw.state.or.us/resources/hunting/waterfowl/counts/sauvie_island/2023-24/10262023s.pdf,205527,0287593d0c6ff6eb135ac6904fb764e42c65891aa5c17f35d2c4de13dd710ee0
daily_harvest,2023-24,data/raw/odfw/sauvie-island/2023-24/harvest/daily/2023-10-28.pdf,https://www.dfw.state.or.us/resources/hunting/waterfowl/counts/sauvie_island/2023-24/10282023s.pdf,205687,b75f37467a09b6365e2af0357285ab64c74c568c17476f3754cb97df82fd2b47
daily_harvest,2023-24,data/raw/odfw/sauvie-island/2023-24/harvest/daily/2023-11-02.pdf,https://www.dfw.state.or.us/resources/hunting/waterfowl/counts/sauvie_island/2023-24/11022023s.pdf,206586,bc0ca60cdfa6957d578ee3d5dcbec97b04d8be1c2b82145140c74c69980018c7
daily_harvest,2023-24,data/raw/odfw/sauvie-island/2023-24/harvest/daily/2023-11-04.pdf,https://www.dfw.state.or.us/resources/hunting/waterfowl/counts/sauvie_island/2023-24/11042023s.pdf,205623,081083d1e23842f6bdf62d1923f7b961e2669de6413eceecece9bdf5722f6d21
daily_harvest,2023-24,data/raw/odfw/sauvie-island/2023-24/harvest/daily/2023-11-06.pdf,https://www.dfw.state.or.us/resources/hunting/waterfowl/counts/sauvie_island/2023-24/11062023s.pdf,205792,d755d3915eb00209dacf1d1b3b37c10ab2a669b1549f7029db1029de62c874b4
daily_harvest,2023-24,data/raw/odfw/sauvie-island/2023-24/harvest/daily/2023-11-08.pdf,https://www.dfw.state.or.us/resources/hunting/waterfowl/counts/sauvie_island/2023-24/11082023s.pdf,205517,d146f2f651e9c6d45fc9eebf375eb191081f08f4eb11feb4012118ae11021c95
daily_harvest,2023-24,data/raw/odfw/sauvie-island/2023-24/harvest/daily/2023-11-10.pdf,https://www.dfw.state.or.us/resources/hunting/waterfowl/counts/sauvie_island/2023-24/11102023s.pdf,206467,7ce13352f925fb6aea040a4636e86c5b39fc55d5ff1495e2417047fde4f09958
daily_harvest,2023-24,data/raw/odfw/sauvie-island/2023-24/harvest/daily/2023-11-12.pdf,https://www.dfw.state.or.us/resources/hunting/waterfowl/counts/sauvie_island/2023-24/11122023s.pdf,205923,badb3860d73eba00938ee149576fbe15fc47e657987aeee0102d24c40cafe572
daily_harvest,2023-24,data/raw/odfw/sauvie-island/2023-24/harvest/daily/2023-11-14.pdf,https://www.dfw.state.or.us/resources/hunting/waterfowl/counts/sauvie_island/2023-24/11142023s.pdf,206140,0d6b69cc09033e049195290cfa33ae32e1c558d17fd3f245b317169c3472353a
daily_harvest,2023-24,data/raw/odfw/sauvie-island/2023-24/harvest/daily/2023-11-16.pdf,https://www.dfw.state.or.us/resources/hunting/waterfowl/counts/sauvie_island/2023-24/11162023s.pdf,206220,e6ad3da2470b5d7bc99df5e87b9df97bd116d36aca2162e0072afb71e9cd68d5
daily_harvest,2023-24,data/raw/odfw/sauvie-island/2023-24/harvest/daily/2023-11-18.pdf,https://www.dfw.state.or.us/resources/hunting/waterfowl/counts/sauvie_island/2023-24/11182023s.pdf,207939,5238d1fdec3c9bab94a1987e85922ad3109c85f4f173e889027d6325bbccbd00
daily_harvest,2023-24,data/raw/odfw/sauvie-island/2023-24/harvest/daily/2023-11-20.pdf,https://www.dfw.state.or.us/resources/hunting/waterfowl/counts/sauvie_island/2023-24/11202023s.pdf,163097,41a5a1d2cc601f177e3380471d69fecb2f6b85000d352a88c49bac9e5421d961
daily_harvest,2023-24,data/raw/odfw/sauvie-island/2023-24/harvest/daily/2023-11-22.pdf,https://www.dfw.state.or.us/resources/hunting/waterfowl/counts/sauvie_island/2023-24/11222023s.pdf,207663,b8f216b454b6f2266abcbc706eb505f8231d264a1329a144f2a9dfb46bc6bb06
daily_harvest,2023-24,data/raw/odfw/sauvie-island/2023-24/harvest/daily/2023-11-25.pdf,https://www.dfw.state.or.us/resources/hunting/waterfowl/counts/sauvie_island/2023-24/11252023s.pdf,163197,320480bbc433917b0900cbcb834f0cbb79c1063635ca511e048fbb48a93e11e2
daily_harvest,2023-24,data/raw/odfw/sauvie-island/2023-24/harvest/daily/2023-11-27.pdf,https://www.dfw.state.or.us/resources/hunting/waterfowl/counts/sauvie_island/2023-24/11272023s.pdf,206965,7162b4b7ee1e2162d5df61ea537a78c1966b8ee738cdea24436f0a97c2ec17ec
daily_harvest,2023-24,data/raw/odfw/sauvie-island/2023-24/harvest/daily/2023-11-29.pdf,https://www.dfw.state.or.us/resources/hunting/waterfowl/counts/sauvie_island/2023-24/11292023s.pdf,207320,629efc6830180ca9028ea5948ad15ee9ebe14cc8c699759a2b6e7258a5d9be42
daily_harvest,2023-24,data/raw/odfw/sauvie-island/2023-24/harvest/daily/2023-12-01.pdf,https://www.dfw.state.or.us/resources/hunting/waterfowl/counts/sauvie_island/2023-24/12012023s.pdf,208717,390df3dfd194c630108f0392b71c7f887550ebf39554eb0562c5feb5edb0f216
daily_harvest,2023-24,data/raw/odfw/sauvie-island/2023-24/harvest/daily/2023-12-03.pdf,https://www.dfw.state.or.us/resources/hunting/waterfowl/counts/sauvie_island/2023-24/12032023s.pdf,207636,727dd52b208f5324485c84986ca869f2894980dabae1217ae8a3a7ab34bf4abc
daily_harvest,2023-24,data/raw/odfw/sauvie-island/2023-24/harvest/daily/2023-12-05.pdf,https://www.dfw.state.or.us/resources/hunting/waterfowl/counts/sauvie_island/2023-24/12052023s.pdf,162809,2c83fd1809c5abbd091f8bb4f213643e1a55ceaecd3e2b045aeaa291aa430c27
daily_harvest,2023-24,data/raw/odfw/sauvie-island/2023-24/harvest/daily/2023-12-07.pdf,https://www.dfw.state.or.us/resources/hunting/waterfowl/counts/sauvie_island/2023-24/12072023s.pdf,163166,d76e6d7756f08c5c1eeda608066ee22c5f65c9a7a1a17e793c38a58c574307d1
daily_harvest,2023-24,data/raw/odfw/sauvie-island/2023-24/harvest/daily/2023-12-09.pdf,https://www.dfw.state.or.us/resources/hunting/waterfowl/counts/sauvie_island/2023-24/12092023s.pdf,207678,60f26e09096483958c5c028cd4de224de80cfb4957c5c2fa3b50b9e8b40642b0
daily_harvest,2023-24,data/raw/odfw/sauvie-island/2023-24/harvest/daily/2023-12-11.pdf,https://www.dfw.state.or.us/resources/hunting/waterfowl/counts/sauvie_island/2023-24/12112023s.pdf,208616,2dc1496155da166e6aaeb9a896304809e0f4d7dc3a5285703e09c1a087d2075e
daily_harvest,2023-24,data/raw/odfw/sauvie-island/2023-24/harvest/daily/2023-12-13.pdf,https://www.dfw.state.or.us/resources/hunting/waterfowl/counts/sauvie_island/2023-24/12132023s.pdf,207360,ab7ebfbe975d4372a998e38d9964c7086ced18ba97de86e035131d7af9d89f20
daily_harvest,2023-24,data/raw/odfw/sauvie-island/2023-24/harvest/daily/2023-12-15.pdf,https://www.dfw.state.or.us/resources/hunting/waterfowl/counts/sauvie_island/2023-24/12152023s.pdf,207657,1f2fa308cc4b58770eff3ddcca4bed6d12304b084756824c69d85b2a543757d0
daily_harvest,2023-24,data/raw/odfw/sauvie-island/2023-24/harvest/daily/2023-12-17.pdf,https://www.dfw.state.or.us/resources/hunting/waterfowl/counts/sauvie_island/2023-24/12172023s.pdf,207303,d2552b50005189797bc077631c6fdd73d2d5cfe8d1041f57f2cbbde1fadbcedb
daily_harvest,2023-24,data/raw/odfw/sauvie-island/2023-24/harvest/daily/2023-12-19.pdf,https://www.dfw.state.or.us/resources/hunting/waterfowl/counts/sauvie_island/2023-24/12192023s.pdf,207831,6ffe16ed462d814364be0e850a5eeb5c262ca08db3143eb0edf85f752b0cdf72
daily_harvest,2023-24,data/raw/odfw/sauvie-island/2023-24/harvest/daily/2023-12-21.pdf,https://www.dfw.state.or.us/resources/hunting/waterfowl/counts/sauvie_island/2023-24/12212023s.pdf,209257,b22798521d6ffc9d5dae3ac0d070257fc839471ddfb463cf14e24944d70bd911
daily_harvest,2023-24,data/raw/odfw/sauvie-island/2023-24/harvest/daily/2023-12-23.pdf,https://www.dfw.state.or.us/resources/hunting/waterfowl/counts/sauvie_island/2023-24/12232023s.pdf,207443,51abc9a7f4fb02f8d3ef8901524c4ac5bc1a23460c1d35dfe64110fe9030a76a
daily_harvest,2023-24,data/raw/odfw/sauvie-island/2023-24/harvest/daily/2023-12-26.pdf,https://www.dfw.state.or.us/resources/hunting/waterfowl/counts/sauvie_island/2023-24/12262023s.pdf,163265,a1bd8a5b90164a1bd777a9a6b937d4fbe0782a5972b194c645f281a68227207e
daily_harvest,2023-24,data/raw/odfw/sauvie-island/2023-24/harvest/daily/2023-12-28.pdf,https://www.dfw.state.or.us/resources/hunting/waterfowl/counts/sauvie_island/2023-24/12282023s.pdf,162738,81346dc9ce490575e1d7aaed16feeabff804a62684ab044cd358e294f77dd8f2
daily_harvest,2023-24,data/raw/odfw/sauvie-island/2023-24/harvest/daily/2023-12-30.pdf,https://www.dfw.state.or.us/resources/hunting/waterfowl/counts/sauvie_island/2023-24/12302023s.pdf,208839,dd9e97428dae5f702b2113d006ed9f2a3b928d6575bc3829c4965dcc67438615
daily_harvest,2023-24,data/raw/odfw/sauvie-island/2023-24/harvest/daily/2024-01-01.pdf,https://www.dfw.state.or.us/resources/hunting/waterfowl/counts/sauvie_island/2023-24/01012024s.pdf,208828,11f32e6aa3abf4df1d07672fa87ebe7f78668e97b1e132398a4be239ffd2c315
daily_harvest,2023-24,data/raw/odfw/sauvie-island/2023-24/harvest/daily/2024-01-03.pdf,https://www.dfw.state.or.us/resources/hunting/waterfowl/counts/sauvie_island/2023-24/01032024s.pdf,206783,427960ae3809382934d00c1ca2986bc192549353bdabd422f823e327556c61bc
daily_harvest,2023-24,data/raw/odfw/sauvie-island/2023-24/harvest/daily/2024-01-05.pdf,https://www.dfw.state.or.us/resources/hunting/waterfowl/counts/sauvie_island/2023-24/01052024s.pdf,206842,929c0ad11072617ae50be9feb16d033538e104d5dab3c0209becc9dc0b8b5d2a
daily_harvest,2023-24,data/raw/odfw/sauvie-island/2023-24/harvest/daily/2024-01-07.pdf,https://www.dfw.state.or.us/resources/hunting/waterfowl/counts/sauvie_island/2023-24/01072024s.pdf,207680,12938969082110ac7ab75c02f3bcd6e93fcc1bc75819c4e1d419078d9b807293
daily_harvest,2023-24,data/raw/odfw/sauvie-island/2023-24/harvest/daily/2024-01-09.pdf,https://www.dfw.state.or.us/resources/hunting/waterfowl/counts/sauvie_island/2023-24/01092024s.pdf,207308,7ae2bd54e1d2e3f3d16e88f2c58e3a56fbe0de8648c411e3911d1d366219b2b1
daily_harvest,2023-24,data/raw/odfw/sauvie-island/2023-24/harvest/daily/2024-01-11.pdf,https://www.dfw.state.or.us/resources/hunting/waterfowl/counts/sauvie_island/2023-24/01112024s.pdf,207210,e6abd8f47f525a0968e66932e911f39ecd05d01160a00825df3d882d394de164
daily_harvest,2023-24,data/raw/odfw/sauvie-island/2023-24/harvest/daily/2024-01-13.pdf,https://www.dfw.state.or.us/resources/hunting/waterfowl/counts/sauvie_island/2023-24/01132024s.pdf,207038,3c44d14402c6110a5a088a957759638d55bcbacb837564f0e7c4fbd50fbf8466
daily_harvest,2023-24,data/raw/odfw/sauvie-island/2023-24/harvest/daily/2024-01-15.pdf,https://www.dfw.state.or.us/resources/hunting/waterfowl/counts/sauvie_island/2023-24/01152024s.pdf,206885,d77628722c8a64768eb1a9bb9d01edf44eaa1f2ecf1c97830d0acbbe0199d7a8
daily_harvest,2023-24,data/raw/odfw/sauvie-island/2023-24/harvest/daily/2024-01-17.pdf,https://www.dfw.state.or.us/resources/hunting/waterfowl/counts/sauvie_island/2023-24/01172024s.pdf,205396,fcc8739c8c91f15ef049cb5523ac5218349b192fc574ea3b11a19c81d64f2619
daily_harvest,2023-24,data/raw/odfw/sauvie-island/2023-24/harvest/daily/2024-01-19.pdf,https://www.dfw.state.or.us/resources/hunting/waterfowl/counts/sauvie_island/2023-24/01192024s.pdf,206611,1c06219f734ed76372c30a597a2b4181f763c1b742369f7c4a5a0e7db5ab1ee1
daily_harvest,2023-24,data/raw/odfw/sauvie-island/2023-24/harvest/daily/2024-01-21.pdf,https://www.dfw.state.or.us/resources/hunting/waterfowl/counts/sauvie_island/2023-24/01212024s.pdf,207374,a229914e3ae976e0b7facd2ab2838f0956caac281558456ccb3ffd693e7ac9d7
daily_harvest,2023-24,data/raw/odfw/sauvie-island/2023-24/harvest/daily/2024-01-23.pdf,https://www.dfw.state.or.us/resources/hunting/waterfowl/counts/sauvie_island/2023-24/01232024s.pdf,207258,0da7b71f21e888e5b14f5ad2c25fd299ec695cf53f8ddfa9fda49aa73508e9eb
daily_harvest,2023-24,data/raw/odfw/sauvie-island/2023-24/harvest/daily/2024-01-25.pdf,https://www.dfw.state.or.us/resources/hunting/waterfowl/counts/sauvie_island/2023-24/01252024s.pdf,209006,ceeb4cb2542b865765e68a49cb6fc14449694633d9a7511ce09b96e7281bf8de
daily_harvest,2023-24,data/raw/odfw/sauvie-island/2023-24/harvest/daily/2024-01-27.pdf,https://www.dfw.state.or.us/resources/hunting/waterfowl/counts/sauvie_island/2023-24/01272024s.pdf,207914,533c7804553e796fac6c34e811b801d9b2ba7bd469beed2b33de9238c10aa6c0
season_harvest,2023-24,data/raw/odfw/sauvie-island/2023-24/harvest/season-summary-by-unit-and-blind.pdf,https://myodfw.com/sites/default/files/2025-10/2023SeasonSummary.pdf,503161,480fb5e6b310cbc124b1a2fc5887ccbc2358eec9c6d4850819fcbb08e7a31caa
first_choice_applications,2023-24,data/raw/odfw/sauvie-island/2023-24/reservations/period-a-first-choice-applications.pdf,https://www.dfw.state.or.us/resources/hunting/waterfowl/counts/sauvie_island/2023-24/2023%20SIWA%20A%20Draw%20Number%20of%20first%20choice%20apps.pdf,133394,7ab0d2dc43566eef2efd4c3bb115650f67afa40107ab05c34a492e27e4c77333
first_choice_applications,2023-24,data/raw/odfw/sauvie-island/2023-24/reservations/period-b-first-choice-applications.pdf,https://www.dfw.state.or.us/resources/hunting/waterfowl/counts/sauvie_island/2023-24/2023%20SIWA%20B%20Draw%20Number%20of%20first%20choice%20apps.pdf,132613,1d9a6ec034a74948cbaed0f710544088d7587613ebf0fce25a0426dcc2c56884
first_choice_applications,2023-24,data/raw/odfw/sauvie-island/2023-24/reservations/period-c-first-choice-applications.pdf,https://www.dfw.state.or.us/resources/hunting/waterfowl/counts/sauvie_island/2023-24/2023%20SIWA%20C%20Draw%20Number%20of%20first%20choice%20apps.pdf,135570,fc55754772ddb9b148ebce54275943a615d6f4b165b74fe6c7ca92c8dab34265
first_choice_applications,2023-24,data/raw/odfw/sauvie-island/2023-24/reservations/period-d-first-choice-applications.pdf,https://www.dfw.state.or.us/resources/hunting/waterfowl/counts/sauvie_island/2023-24/2023%20SIWA%20D%20Draw%20Number%20of%20first%20choice%20apps.pdf,135546,d75ca05810a2ab50f44f92b454d7ff6e4b7d2c29cce12734d5e68f51acd65a19
first_choice_applications,2023-24,data/raw/odfw/sauvie-island/2023-24/reservations/period-e-first-choice-applications.pdf,https://www.dfw.state.or.us/resources/hunting/waterfowl/counts/sauvie_island/2023-24/2023%20SIWA%20E%20Draw%20Number%20of%20first%20choice%20apps.pdf,140594,8391008e152fc42ddad29071753a6fdb373c4c7eae0bd8bb2a76e6cd1c347db4
first_choice_applications,2023-24,data/raw/odfw/sauvie-island/2023-24/reservations/period-f-first-choice-applications.pdf,https://www.dfw.state.or.us/resources/hunting/waterfowl/counts/sauvie_island/2023-24/2023%20SIWA%20F%20Draw%20Number%20of%20first%20choice%20apps.pdf,134128,56fc5d42636da1301aaf350a50c00ca903c54ba4adaca2feb5e3a860134362f5
first_choice_applications,2023-24,data/raw/odfw/sauvie-island/2023-24/reservations/period-g-first-choice-applications.pdf,https://www.dfw.state.or.us/resources/hunting/waterfowl/counts/sauvie_island/2023-24/2023%20SIWA%20G%20Draw%20Number%20of%20first%20choice%20apps.pdf,135162,103dac10177f6bdb5791b15eb1ddcb6531fd8256f725bde46c4d1b77a2fe6c45
daily_harvest,2024-25,data/raw/odfw/sauvie-island/2024-25/harvest/daily/2024-10-12.pdf,https://www.dfw.state.or.us/resources/hunting/waterfowl/counts/sauvie_island/2024-25/10122024s.pdf,206513,d2159b52f53d44bc4655e2397bdb478d634c100da4aebeff204decb4dbc3d81a
daily_harvest,2024-25,data/raw/odfw/sauvie-island/2024-25/harvest/daily/2024-10-14.pdf,https://www.dfw.state.or.us/resources/hunting/waterfowl/counts/sauvie_island/2024-25/10142024s.pdf,206342,5ab7cb8671dd64a2c92490b01d246275508f44883240be7b99f99f965b695dc1
daily_harvest,2024-25,data/raw/odfw/sauvie-island/2024-25/harvest/daily/2024-10-16.pdf,https://www.dfw.state.or.us/resources/hunting/waterfowl/counts/sauvie_island/2024-25/10162024s.pdf,206717,54da500286a418feafadb19e474ecb6e0972624dd4d3c4655bddefce84cde121
daily_harvest,2024-25,data/raw/odfw/sauvie-island/2024-25/harvest/daily/2024-10-18.pdf,https://www.dfw.state.or.us/resources/hunting/waterfowl/counts/sauvie_island/2024-25/10182024s.pdf,206644,0c399bec05817d8205fc6b31c95cc6688b2bbffb51c4002e715b1902f4fea16d
daily_harvest,2024-25,data/raw/odfw/sauvie-island/2024-25/harvest/daily/2024-10-20.pdf,https://www.dfw.state.or.us/resources/hunting/waterfowl/counts/sauvie_island/2024-25/10202024s.pdf,207300,67593e133c7a1babf79e2558869aa731c1713afff1dd6548de27523f55feca80
daily_harvest,2024-25,data/raw/odfw/sauvie-island/2024-25/harvest/daily/2024-10-22.pdf,https://www.dfw.state.or.us/resources/hunting/waterfowl/counts/sauvie_island/2024-25/10222024s.pdf,206732,23eabafa491eaf323e0c223f6a9107cef44ae83d63dafef88aece3560b6edfe7
daily_harvest,2024-25,data/raw/odfw/sauvie-island/2024-25/harvest/daily/2024-10-24.pdf,https://www.dfw.state.or.us/resources/hunting/waterfowl/counts/sauvie_island/2024-25/10242024s.pdf,207299,e98b749fcebd2bb90acd40129d3f778887c0b46522dee401027277b5ce6a6dff
daily_harvest,2024-25,data/raw/odfw/sauvie-island/2024-25/harvest/daily/2024-10-26.pdf,https://www.dfw.state.or.us/resources/hunting/waterfowl/counts/sauvie_island/2024-25/10262024s.pdf,207371,2417f54ad35c5b6d4ce704cad44cafce5b466335f46ca4b239ae9dc4774aa905
daily_harvest,2024-25,data/raw/odfw/sauvie-island/2024-25/harvest/daily/2024-10-31.pdf,https://www.dfw.state.or.us/resources/hunting/waterfowl/counts/sauvie_island/2024-25/10312024s.pdf,164141,989641d5b236fdd83887c38298cf4221e778c507b4919369e0e38f15fbd30473
daily_harvest,2024-25,data/raw/odfw/sauvie-island/2024-25/harvest/daily/2024-11-02.pdf,https://www.dfw.state.or.us/resources/hunting/waterfowl/counts/sauvie_island/2024-25/11022024s.pdf,208289,c360a6e0ce39d72073be2c7c209f74f55f2648e3fc75da550dbe0300dd0419aa
daily_harvest,2024-25,data/raw/odfw/sauvie-island/2024-25/harvest/daily/2024-11-04.pdf,https://www.dfw.state.or.us/resources/hunting/waterfowl/counts/sauvie_island/2024-25/11042024s.pdf,207847,690b3a29648c7f10947404513cdf9c676dd0a09ce999d607bde549e89b2f9706
daily_harvest,2024-25,data/raw/odfw/sauvie-island/2024-25/harvest/daily/2024-11-06.pdf,https://www.dfw.state.or.us/resources/hunting/waterfowl/counts/sauvie_island/2024-25/11062024s.pdf,207600,9640bd1368e6352674526778a32f99089ea79cdae3758619cc711fba122234a3
daily_harvest,2024-25,data/raw/odfw/sauvie-island/2024-25/harvest/daily/2024-11-08.pdf,https://www.dfw.state.or.us/resources/hunting/waterfowl/counts/sauvie_island/2024-25/11082024s.pdf,208189,0fa6b98506eb6003e79a4aafb3ebf03a60410b00fa9f0bef2bd96ca8fb98871d
daily_harvest,2024-25,data/raw/odfw/sauvie-island/2024-25/harvest/daily/2024-11-10.pdf,https://www.dfw.state.or.us/resources/hunting/waterfowl/counts/sauvie_island/2024-25/11102024s.pdf,164031,1b304a81a908ec827fa792648ed2c30943822a982d156694544994bf7a400fa9
daily_harvest,2024-25,data/raw/odfw/sauvie-island/2024-25/harvest/daily/2024-11-12.pdf,https://www.dfw.state.or.us/resources/hunting/waterfowl/counts/sauvie_island/2024-25/11122024s.pdf,164068,62333973c6e3249f2ddd9ba0356d47172d5678559f8a5751a362905d037188c3
daily_harvest,2024-25,data/raw/odfw/sauvie-island/2024-25/harvest/daily/2024-11-14.pdf,https://www.dfw.state.or.us/resources/hunting/waterfowl/counts/sauvie_island/2024-25/11142024s.pdf,163998,08177fd2c3c30f15925d342422bf170966113da1907292de7c555106419be74e
daily_harvest,2024-25,data/raw/odfw/sauvie-island/2024-25/harvest/daily/2024-11-16.pdf,https://www.dfw.state.or.us/resources/hunting/waterfowl/counts/sauvie_island/2024-25/11162024s.pdf,164559,db3831fc52d6828979fc0eb17f54293d89bd23755ca8ec75fa8d12445d837c8d
daily_harvest,2024-25,data/raw/odfw/sauvie-island/2024-25/harvest/daily/2024-11-18.pdf,https://www.dfw.state.or.us/resources/hunting/waterfowl/counts/sauvie_island/2024-25/11182024s.pdf,164111,aff7d4d842356873477d877022ea15c202b9317489a1eadef10b185de4b37eda
daily_harvest,2024-25,data/raw/odfw/sauvie-island/2024-25/harvest/daily/2024-11-20.pdf,https://www.dfw.state.or.us/resources/hunting/waterfowl/counts/sauvie_island/2024-25/11202024s.pdf,208425,64426586931365a01d59a0293e1260fb98152c905763da4ac9a3e4e0168ccb4e
daily_harvest,2024-25,data/raw/odfw/sauvie-island/2024-25/harvest/daily/2024-11-22.pdf,https://www.dfw.state.or.us/resources/hunting/waterfowl/counts/sauvie_island/2024-25/11222024s.pdf,208039,720340ade7c51ab22c67ca2b7597a7edd3e429b81fa112ef95d5f55cb35aa21d
daily_harvest,2024-25,data/raw/odfw/sauvie-island/2024-25/harvest/daily/2024-11-24.pdf,https://www.dfw.state.or.us/resources/hunting/waterfowl/counts/sauvie_island/2024-25/11242024s.pdf,208216,1d93510b4c4de3cf3457b215bcabceaf7feddbae9e68b0e9fa52a269de6813ab
daily_harvest,2024-25,data/raw/odfw/sauvie-island/2024-25/harvest/daily/2024-11-26.pdf,https://www.dfw.state.or.us/resources/hunting/waterfowl/counts/sauvie_island/2024-25/11262024s.pdf,164290,dbee26775a694734dd83c84215a8b8f7b34d04e0cb46b82877c1de6a34cd0644
daily_harvest,2024-25,data/raw/odfw/sauvie-island/2024-25/harvest/daily/2024-11-30.pdf,https://www.dfw.state.or.us/resources/hunting/waterfowl/counts/sauvie_island/2024-25/11302024s.pdf,164719,ab3ade68136baaeeaea1961f446dfe9924daf9476d5674be85e9f45c65fbf01b
daily_harvest,2024-25,data/raw/odfw/sauvie-island/2024-25/harvest/daily/2024-12-02.pdf,https://www.dfw.state.or.us/resources/hunting/waterfowl/counts/sauvie_island/2024-25/12022024s.pdf,164160,42178106ad99d092ecc2cc3a3f807707d8353a90d993bfd76cbc4087edc6adc5
daily_harvest,2024-25,data/raw/odfw/sauvie-island/2024-25/harvest/daily/2024-12-04.pdf,https://www.dfw.state.or.us/resources/hunting/waterfowl/counts/sauvie_island/2024-25/12042024s.pdf,123696,d61cd504cd89fcf4136b8a07d80daf7beed6fdd80dc9cfe32c9c516bc55eb5a7
daily_harvest,2024-25,data/raw/odfw/sauvie-island/2024-25/harvest/daily/2024-12-06.pdf,https://www.dfw.state.or.us/resources/hunting/waterfowl/counts/sauvie_island/2024-25/12062024s.pdf,208145,3d948bfe21da0e01a3b2ac330d1874b2d7b2397ee36bee52603f5e17aff909de
daily_harvest,2024-25,data/raw/odfw/sauvie-island/2024-25/harvest/daily/2024-12-08.pdf,https://www.dfw.state.or.us/resources/hunting/waterfowl/counts/sauvie_island/2024-25/12082024s.pdf,208098,89011051e5d7889743a386df9b86c33a8b64d9d4bb81909877cc3fdd57a6ad45
daily_harvest,2024-25,data/raw/odfw/sauvie-island/2024-25/harvest/daily/2024-12-10.pdf,https://www.dfw.state.or.us/resources/hunting/waterfowl/counts/sauvie_island/2024-25/12102024s.pdf,208614,c69f59f12803b9b9c4b976674e3d5e913a4b440ecfcda10047981a7da0d69959
daily_harvest,2024-25,data/raw/odfw/sauvie-island/2024-25/harvest/daily/2024-12-12.pdf,https://www.dfw.state.or.us/resources/hunting/waterfowl/counts/sauvie_island/2024-25/12122024s.pdf,164210,627b19aaafbb0c40568ef9753d8669f550d60b1181bce46ac38392c3a6d5a911
daily_harvest,2024-25,data/raw/odfw/sauvie-island/2024-25/harvest/daily/2024-12-14.pdf,https://www.dfw.state.or.us/resources/hunting/waterfowl/counts/sauvie_island/2024-25/12142024s.pdf,497986,ab8bb99e8714efdb9b8ba67fcfd6775891c93c8d7859aa1a63e3958d3742e9e4
daily_harvest,2024-25,data/raw/odfw/sauvie-island/2024-25/harvest/daily/2024-12-16.pdf,https://www.dfw.state.or.us/resources/hunting/waterfowl/counts/sauvie_island/2024-25/12162024s.pdf,164512,60388af29f5b98255cee90ef6e859cbcf6ac43170c4d0add22ae01e5efb7e032
daily_harvest,2024-25,data/raw/odfw/sauvie-island/2024-25/harvest/daily/2024-12-18.pdf,https://www.dfw.state.or.us/resources/hunting/waterfowl/counts/sauvie_island/2024-25/12182024s.pdf,164216,47d9146310409c47801bf309c69eb24d0e0c6b8221c8a878f57f0232d0ff4b70
daily_harvest,2024-25,data/raw/odfw/sauvie-island/2024-25/harvest/daily/2024-12-20.pdf,https://www.dfw.state.or.us/resources/hunting/waterfowl/counts/sauvie_island/2024-25/12202024s.pdf,164311,0d7e05b55fd536ea531b314b1bdc6d40b12a805c47572e65e5e69528679d3e38
daily_harvest,2024-25,data/raw/odfw/sauvie-island/2024-25/harvest/daily/2024-12-22.pdf,https://www.dfw.state.or.us/resources/hunting/waterfowl/counts/sauvie_island/2024-25/12222024s.pdf,164630,9cb82ea8922ca125aff47236c05a3a2fe050def9fe3e2f666a28d0710e927740
daily_harvest,2024-25,data/raw/odfw/sauvie-island/2024-25/harvest/daily/2024-12-24.pdf,https://www.dfw.state.or.us/resources/hunting/waterfowl/counts/sauvie_island/2024-25/12242024s.pdf,164354,39da39adaf5e7a858145bad510c605b840b894b5acb25aa00631fa39058a9d16
daily_harvest,2024-25,data/raw/odfw/sauvie-island/2024-25/harvest/daily/2024-12-26.pdf,https://www.dfw.state.or.us/resources/hunting/waterfowl/counts/sauvie_island/2024-25/12262024s.pdf,164093,df2fa7420e0aaa36ec5f87003c5d832a996d8c81af53701877e3c140d04b6d4f
daily_harvest,2024-25,data/raw/odfw/sauvie-island/2024-25/harvest/daily/2024-12-28.pdf,https://www.dfw.state.or.us/resources/hunting/waterfowl/counts/sauvie_island/2024-25/12282024s.pdf,164832,f122406268c74818e9edc22c2f7b2f0456d74285ac9c3ef7b21bb06b5975a8ca
daily_harvest,2024-25,data/raw/odfw/sauvie-island/2024-25/harvest/daily/2024-12-30.pdf,https://www.dfw.state.or.us/resources/hunting/waterfowl/counts/sauvie_island/2024-25/12302024s.pdf,164862,db1d21ab2a4473f8c088a8e9f2fe2d517bf8d598d8d5406425d66d28ea86867f
daily_harvest,2024-25,data/raw/odfw/sauvie-island/2024-25/harvest/daily/2025-01-01.pdf,https://www.dfw.state.or.us/resources/hunting/waterfowl/counts/sauvie_island/2024-25/01012025s.pdf,208955,d400d88c7165aa1924d513fc53504e920886a65f4cc82bf18dd651a6e3bea972
daily_harvest,2024-25,data/raw/odfw/sauvie-island/2024-25/harvest/daily/2025-01-03.pdf,https://www.dfw.state.or.us/resources/hunting/waterfowl/counts/sauvie_island/2024-25/01032025s.pdf,164766,98d1c0b38ca69093bac5e19b537e9f47a626bbd1f4c3933dea6ea2884b7ce246
daily_harvest,2024-25,data/raw/odfw/sauvie-island/2024-25/harvest/daily/2025-01-05.pdf,https://www.dfw.state.or.us/resources/hunting/waterfowl/counts/sauvie_island/2024-25/01052025s.pdf,164887,21d31c59fdb5cfb8ae8bf89eea158eda09ee518bac36546eacf375218ae1c9e5
daily_harvest,2024-25,data/raw/odfw/sauvie-island/2024-25/harvest/daily/2025-01-07.pdf,https://www.dfw.state.or.us/resources/hunting/waterfowl/counts/sauvie_island/2024-25/01072025s.pdf,164223,29ed1be0366e12837c9dcb3824cfe9d0aa858295657f45566e7b71b3be964270
daily_harvest,2024-25,data/raw/odfw/sauvie-island/2024-25/harvest/daily/2025-01-09.pdf,https://www.dfw.state.or.us/resources/hunting/waterfowl/counts/sauvie_island/2024-25/01092025s.pdf,208356,72ffd62de2fc737c046f8192c86c3104f04a832560ba1d28fb41e34aec1149e0
daily_harvest,2024-25,data/raw/odfw/sauvie-island/2024-25/harvest/daily/2025-01-11.pdf,https://www.dfw.state.or.us/resources/hunting/waterfowl/counts/sauvie_island/2024-25/01112025s.pdf,208866,9e4faf35683f55d14b6e87e4b92200cb53e983358ea2a05e263d7fac1309b719
daily_harvest,2024-25,data/raw/odfw/sauvie-island/2024-25/harvest/daily/2025-01-13.pdf,https://www.dfw.state.or.us/resources/hunting/waterfowl/counts/sauvie_island/2024-25/01132025s.pdf,164271,bb1aad6e8fb26d07b1962fcaf89d1d48d3a2dc3b0f91176c31110d239c985aa2
daily_harvest,2024-25,data/raw/odfw/sauvie-island/2024-25/harvest/daily/2025-01-15.pdf,https://www.dfw.state.or.us/resources/hunting/waterfowl/counts/sauvie_island/2024-25/01152025s.pdf,208996,e3cb47632d77fc037c84519dd2f11a4873ef2f50701b6a100e3262ccfa6bba38
daily_harvest,2024-25,data/raw/odfw/sauvie-island/2024-25/harvest/daily/2025-01-17.pdf,https://www.dfw.state.or.us/resources/hunting/waterfowl/counts/sauvie_island/2024-25/01172025s.pdf,164744,57d51b4a576274d27be32ee5ac663055aa9e42787d8436496adcd9f400682462
daily_harvest,2024-25,data/raw/odfw/sauvie-island/2024-25/harvest/daily/2025-01-19.pdf,https://www.dfw.state.or.us/resources/hunting/waterfowl/counts/sauvie_island/2024-25/01192025s.pdf,164625,1765c2980e173c98f372e3a8e2a1c19b74101bb241cf62c2b1b9f0ce160f97dc
daily_harvest,2024-25,data/raw/odfw/sauvie-island/2024-25/harvest/daily/2025-01-21.pdf,https://www.dfw.state.or.us/resources/hunting/waterfowl/counts/sauvie_island/2024-25/01212025s.pdf,164603,95d32dba5e1592e086e099f810087e4f117e7f29ce2f9653018fb96c56498ad4
daily_harvest,2024-25,data/raw/odfw/sauvie-island/2024-25/harvest/daily/2025-01-23.pdf,https://www.dfw.state.or.us/resources/hunting/waterfowl/counts/sauvie_island/2024-25/01232025s.pdf,209059,6e90bbe1500861413aaad68494e39080a3c20dd097b2a80f208f7d709b758766
daily_harvest,2024-25,data/raw/odfw/sauvie-island/2024-25/harvest/daily/2025-01-25.pdf,https://www.dfw.state.or.us/resources/hunting/waterfowl/counts/sauvie_island/2024-25/01252025s.pdf,165057,326c589fa4a97859b1297b9b20345c6a97bb48823c6139d5fb1caf5063eacd92
season_harvest,2024-25,data/raw/odfw/sauvie-island/2024-25/harvest/season-summary-by-unit-and-blind.pdf,https://myodfw.com/sites/default/files/2025-10/2024_25_SIWASeasonSummary.pdf,281816,8f8829c603af4e74c2d5936d65f16b137dc42607e5e70799ff258eb2db3199a7
first_choice_applications,2024-25,data/raw/odfw/sauvie-island/2024-25/reservations/period-a-first-choice-applications.pdf,https://www.dfw.state.or.us/resources/hunting/waterfowl/counts/sauvie_island/2024-25/2024%20SIWA%20A%20Draw%20Number%20of%20first%20choice%20apps.pdf,134398,04ac38068b6bab8b3abfd665fb6ab079081803dafb2edef5c235152049cdd462
first_choice_applications,2024-25,data/raw/odfw/sauvie-island/2024-25/reservations/period-b-first-choice-applications.pdf,https://www.dfw.state.or.us/resources/hunting/waterfowl/counts/sauvie_island/2024-25/2024%20SIWA%20B%20Draw%20Number%20of%20first%20choice%20apps.pdf,137579,5b29e1e99bcbe908f2dc01c41dc718a8d6630ac632d4131a7f9ca817b295a61c
first_choice_applications,2024-25,data/raw/odfw/sauvie-island/2024-25/reservations/period-c-first-choice-applications.pdf,https://www.dfw.state.or.us/resources/hunting/waterfowl/counts/sauvie_island/2024-25/2024%20SIWA%20C%20Draw%20Number%20of%20first%20choice%20apps.pdf,132629,0664e5f32c5a93f96c07156f531ca7da1f1eda91e5255ea45c32b66b9608a91d
first_choice_applications,2024-25,data/raw/odfw/sauvie-island/2024-25/reservations/period-d-first-choice-applications.pdf,https://www.dfw.state.or.us/resources/hunting/waterfowl/counts/sauvie_island/2024-25/2024%20SIWA%20D%20Draw%20Number%20of%20first%20choice%20apps.pdf,137755,897fbc9736b9b6049dcc2c8916639697e502a6bf0bf742f0b92ce5dc2b89ced5
first_choice_applications,2024-25,data/raw/odfw/sauvie-island/2024-25/reservations/period-e-first-choice-applications.pdf,https://www.dfw.state.or.us/resources/hunting/waterfowl/counts/sauvie_island/2024-25/2024%20SIWA%20E%20Draw%20Number%20of%20first%20choice%20apps.pdf,134459,2e98a52bab8656e54fc95077c0d99f75fcb2028318b3717edc8a439019ef2dfe
first_choice_applications,2024-25,data/raw/odfw/sauvie-island/2024-25/reservations/period-f-first-choice-applications.pdf,https://www.dfw.state.or.us/resources/hunting/waterfowl/counts/sauvie_island/2024-25/2024%20SIWA%20F%20Draw%20Number%20of%20first%20choice%20apps.pdf,125703,f75ffffe946a3f0d9e9fe2428051651c47b6451e42ba3fa044f81ac4ced79f2b
first_choice_applications,2024-25,data/raw/odfw/sauvie-island/2024-25/reservations/period-g-first-choice-applications.pdf,https://www.dfw.state.or.us/resources/hunting/waterfowl/counts/sauvie_island/2024-25/2024%20SIWA%20G%20Draw%20Number%20of%20first%20choice%20apps.pdf,125210,5e936312448eadc44df9bdb273871ce99f0c4f7b914ae8c4c00020384e81f6a1
daily_harvest,2025-26,data/raw/odfw/sauvie-island/2025-26/harvest/daily/2025-10-11.pdf,https://myodfw.com/sites/default/files/2025-10/10112025s.pdf,206156,7ca7036d3c4f8ddc360607487e714b0a686ace74b581da29c0902c87c62cc595
daily_harvest,2025-26,data/raw/odfw/sauvie-island/2025-26/harvest/daily/2025-10-13.pdf,https://myodfw.com/sites/default/files/2025-10/10132025s_0.pdf,205734,eb9a2d036f91c0dff7a6c0b91c5104f750cba07dbf15157f4c9f464537c1e97c
daily_harvest,2025-26,data/raw/odfw/sauvie-island/2025-26/harvest/daily/2025-10-15.pdf,https://myodfw.com/sites/default/files/2025-10/10152025s.pdf,206023,b0bba5ccfc17eb1362ebc7af77caf27cb78881551aae37d5f2e69ff893b78dc6
daily_harvest,2025-26,data/raw/odfw/sauvie-island/2025-26/harvest/daily/2025-10-17.pdf,https://myodfw.com/sites/default/files/2025-10/10172025s.pdf,206031,9ade080eeec728f349128afb4525825576b69000aa5d96b2a0e644c8c168abdc
daily_harvest,2025-26,data/raw/odfw/sauvie-island/2025-26/harvest/daily/2025-10-19.pdf,https://myodfw.com/sites/default/files/2025-10/10192025s.pdf,207035,2849158f1a4ae1ee143fd332c9e5e6e0f2015ddb6489c286a8915682ee7067d3
daily_harvest,2025-26,data/raw/odfw/sauvie-island/2025-26/harvest/daily/2025-10-21.pdf,https://myodfw.com/sites/default/files/2025-10/10212025s.pdf,205939,83eea8194bdee5de006df5653fcdd2fd77cad6152d637c08c595fa349fa870fa
daily_harvest,2025-26,data/raw/odfw/sauvie-island/2025-26/harvest/daily/2025-10-23.pdf,https://myodfw.com/sites/default/files/2025-10/10232025s.pdf,205921,daf81821589d0471e284a21a04f137929333a2a5c016ae5faf25d3156e003f9f
daily_harvest,2025-26,data/raw/odfw/sauvie-island/2025-26/harvest/daily/2025-10-25.pdf,https://myodfw.com/sites/default/files/2025-10/10252025s.pdf,206633,1c96f0467ba968e01d393834f8ed3dc6fad36299b89ec4840afced3bbf815640
daily_harvest,2025-26,data/raw/odfw/sauvie-island/2025-26/harvest/daily/2025-10-30.pdf,https://myodfw.com/sites/default/files/2025-10/10302025s.pdf,206779,eb5163c08ab69c6070413c5cccbb4cfdc69d5fb3215e934ef38c73b7ff714c9a
daily_harvest,2025-26,data/raw/odfw/sauvie-island/2025-26/harvest/daily/2025-11-01.pdf,https://myodfw.com/sites/default/files/2025-11/11012025s.pdf,206668,60cf416abbe4f277d19a2891f060aac6196e60a108ae77b52f9c8b4d702687d6
daily_harvest,2025-26,data/raw/odfw/sauvie-island/2025-26/harvest/daily/2025-11-03.pdf,https://myodfw.com/sites/default/files/2025-11/11032025s.pdf,206716,77b07e3551a6343f5b688a2c163cbc6d196b8181ee5b61f0b23ce01c9d6e1fe4
daily_harvest,2025-26,data/raw/odfw/sauvie-island/2025-26/harvest/daily/2025-11-05.pdf,https://myodfw.com/sites/default/files/2025-11/11052025s.pdf,206805,1e9b6baba0ebc0a1d857f8dbc618bda78cedfc409491a1f0b3eb11ff34381855
daily_harvest,2025-26,data/raw/odfw/sauvie-island/2025-26/harvest/daily/2025-11-07.pdf,https://myodfw.com/sites/default/files/2025-11/11072025s.pdf,207224,33900bb673331f5fe813350bc1e7455f5005f8c4ede00303e7cafe66e1627fa3
daily_harvest,2025-26,data/raw/odfw/sauvie-island/2025-26/harvest/daily/2025-11-09.pdf,https://myodfw.com/sites/default/files/2025-11/11092025s.pdf,207380,26f28658e33dedb04e5687e0d2e07b45ec20b61d5ef164d1f75e05a95d43a594
daily_harvest,2025-26,data/raw/odfw/sauvie-island/2025-26/harvest/daily/2025-11-11.pdf,https://myodfw.com/sites/default/files/2025-11/11112025s.pdf,207311,048f29624eed48ef3b59af40a5aed81ffcbea6bcd53700bfb3beda259bedf8f2
daily_harvest,2025-26,data/raw/odfw/sauvie-island/2025-26/harvest/daily/2025-11-13.pdf,https://myodfw.com/sites/default/files/2025-11/11132025s.pdf,207116,7845a8c8acb56f95f5ee403fdcd009bcea502092266d4231545fd6a8779d7f56
daily_harvest,2025-26,data/raw/odfw/sauvie-island/2025-26/harvest/daily/2025-11-15.pdf,https://myodfw.com/sites/default/files/2025-11/11152025s.pdf,207450,5054d508ff2b939103d48444cf5567c1f17b28dc4216cbee1782f5fbc2d9f246
daily_harvest,2025-26,data/raw/odfw/sauvie-island/2025-26/harvest/daily/2025-11-17.pdf,https://myodfw.com/sites/default/files/2025-11/11172025s.pdf,207001,9694a3ff2be92e415f758eec92e57b235bd40e12dae2f16e9040e12a80a66d8d
daily_harvest,2025-26,data/raw/odfw/sauvie-island/2025-26/harvest/daily/2025-11-19.pdf,https://myodfw.com/sites/default/files/2025-11/11192025s.pdf,207013,af063509fd5607fdc1f285d20b118c3d130b02b4f76d14d4bb46e9094f42dd67
daily_harvest,2025-26,data/raw/odfw/sauvie-island/2025-26/harvest/daily/2025-11-21.pdf,https://myodfw.com/sites/default/files/2025-11/11212025s.pdf,207267,01cbaccf102098d6b8324b41011da98d2e84e178a4fa742f1478a7dca218c663
daily_harvest,2025-26,data/raw/odfw/sauvie-island/2025-26/harvest/daily/2025-11-23.pdf,https://myodfw.com/sites/default/files/2025-11/11232025s.pdf,207406,ad9f28568006eed01f1a08ede7bf73d848eccfdcc34e716f8f8801ee02aba26e
daily_harvest,2025-26,data/raw/odfw/sauvie-island/2025-26/harvest/daily/2025-11-25.pdf,https://myodfw.com/sites/default/files/2025-11/11252025s.pdf,207863,4f3ffa50fd4f75e3d611ac04836c60080fb6bab57146069d606a3e573f0f672a
daily_harvest,2025-26,data/raw/odfw/sauvie-island/2025-26/harvest/daily/2025-11-29.pdf,https://myodfw.com/sites/default/files/2025-12/11292025s.pdf,207388,6179b8000475d459f8944f6025331438ea1488cd8d1e6bcccc6970c52abf549b
daily_harvest,2025-26,data/raw/odfw/sauvie-island/2025-26/harvest/daily/2025-12-01.pdf,https://myodfw.com/sites/default/files/2025-12/12012025s.pdf,207274,6bcf1c76d9ce0549a68c52cb41caeb1cb561403bd8178bc480564694141dbd0c
daily_harvest,2025-26,data/raw/odfw/sauvie-island/2025-26/harvest/daily/2025-12-03.pdf,https://myodfw.com/sites/default/files/2025-12/12032025s.pdf,207312,d20430a60dfd22659484b7dfeec9d67646a32462ba0d0bb410d09d347a992d21
daily_harvest,2025-26,data/raw/odfw/sauvie-island/2025-26/harvest/daily/2025-12-05.pdf,https://myodfw.com/sites/default/files/2025-12/12052025s.pdf,207659,a9d03650723560ebc79c0e2ff8490a9b6e74ef06fc8777910e99dd1f1193e94c
daily_harvest,2025-26,data/raw/odfw/sauvie-island/2025-26/harvest/daily/2025-12-07.pdf,https://myodfw.com/sites/default/files/2025-12/12072025s.pdf,207566,7a65bea097875bffb43d18694d12597a9299b7b2db1dce11625edc0278fc19cd
daily_harvest,2025-26,data/raw/odfw/sauvie-island/2025-26/harvest/daily/2025-12-09.pdf,https://myodfw.com/sites/default/files/2025-12/12092025s_0.pdf,207495,1dc926eb03123f975bed499b305bd9696694cc41ec52e1c7f49654593e1ad158
daily_harvest,2025-26,data/raw/odfw/sauvie-island/2025-26/harvest/daily/2025-12-11.pdf,https://myodfw.com/sites/default/files/2025-12/12112025s.pdf,208115,e2c036ebd4cc48ec210dabd4877cb68365c67baa7a7bb8e4c3b09745c85b7e92
daily_harvest,2025-26,data/raw/odfw/sauvie-island/2025-26/harvest/daily/2025-12-13.pdf,https://myodfw.com/sites/default/files/2025-12/12132025s.pdf,208352,c3a1f6c7be407cab68c4df5f258d2780bfb7e207958bb4e5134163a502bbfa74
daily_harvest,2025-26,data/raw/odfw/sauvie-island/2025-26/harvest/daily/2025-12-15.pdf,https://myodfw.com/sites/default/files/2025-12/12152025s.pdf,207749,d3162615f2a03f8bfc7c0feb96b10920adcdc4d4f9fa4b5d4604177bc86dfe3d
daily_harvest,2025-26,data/raw/odfw/sauvie-island/2025-26/harvest/daily/2025-12-17.pdf,https://myodfw.com/sites/default/files/2025-12/12172025s.pdf,208266,36bc1ff8c050a34e6cb8ac120fb15f99da87cf8c0911ef0dae7ede3b6cb74a55
daily_harvest,2025-26,data/raw/odfw/sauvie-island/2025-26/harvest/daily/2025-12-19.pdf,https://myodfw.com/sites/default/files/2025-12/12192025s.pdf,208146,d9d0ee967827588be6640cb61def0e515f3f165b272c39b3bc8bb905a35deb98
daily_harvest,2025-26,data/raw/odfw/sauvie-island/2025-26/harvest/daily/2025-12-21.pdf,https://myodfw.com/sites/default/files/2025-12/12212025s.pdf,207730,27b65ea44a4db9fa56db461692c2e84d301b533152e3efb877beab3371d167de
daily_harvest,2025-26,data/raw/odfw/sauvie-island/2025-26/harvest/daily/2025-12-23.pdf,https://myodfw.com/sites/default/files/2025-12/12232025s.pdf,207594,478d1d9b6b671756d44c806d5f71d652bf1cb200d1385dbe026ecba4ac36d03c
daily_harvest,2025-26,data/raw/odfw/sauvie-island/2025-26/harvest/daily/2025-12-26.pdf,https://myodfw.com/sites/default/files/2025-12/12262025s.pdf,208733,fc7dfcd3b4531317e208d31550ace356f05b9e690baf22ba042cf85077bbaa45
daily_harvest,2025-26,data/raw/odfw/sauvie-island/2025-26/harvest/daily/2025-12-28.pdf,https://myodfw.com/sites/default/files/2025-12/12282025s.pdf,208563,bec59d80bddcf019ce41b3ff9f641577f364c51d23d7f3888011a03e0351c801
daily_harvest,2025-26,data/raw/odfw/sauvie-island/2025-26/harvest/daily/2025-12-30.pdf,https://myodfw.com/sites/default/files/2025-12/12302025s.pdf,208667,168e381214aa7dd5e456e25f22bca4dcd94fc6488e62a14a9bebfd77f9f55ff1
daily_harvest,2025-26,data/raw/odfw/sauvie-island/2025-26/harvest/daily/2026-01-01.pdf,https://myodfw.com/sites/default/files/2026-01/01012026s.pdf,208569,8ad0b0259d11b60bc885c7575f96b5eb222be03facb86ebda00473e7f78e751b
daily_harvest,2025-26,data/raw/odfw/sauvie-island/2025-26/harvest/daily/2026-01-03.pdf,https://myodfw.com/sites/default/files/2026-01/01032026s.pdf,209003,1e7243d89dd567f4c93c00d227d3634546c6647d4393ab654b805863ff74961c
daily_harvest,2025-26,data/raw/odfw/sauvie-island/2025-26/harvest/daily/2026-01-05.pdf,https://myodfw.com/sites/default/files/2026-01/01052026s.pdf,207856,f6b636f5d9722f77637ca6cf50243670282fa2994283cc6265efe37c3c7d9b3b
daily_harvest,2025-26,data/raw/odfw/sauvie-island/2025-26/harvest/daily/2026-01-07.pdf,https://myodfw.com/sites/default/files/2026-01/01072026s.pdf,207686,5341d999c990dd07e0989e537e90e4f7efa3df35a87db22979fff433cef614f2
daily_harvest,2025-26,data/raw/odfw/sauvie-island/2025-26/harvest/daily/2026-01-09.pdf,https://myodfw.com/sites/default/files/2026-01/01092026s.pdf,207769,b8a05531413f115337923a7ce4a8bee3b13329392878216529ac00e6aa442fa8
daily_harvest,2025-26,data/raw/odfw/sauvie-island/2025-26/harvest/daily/2026-01-11.pdf,https://myodfw.com/sites/default/files/2026-01/01112026s.pdf,207988,d9db7f055f55a46f25b8530d6cc89a0dca391c1006d73aa2ffd9c2e93f1b3003
daily_harvest,2025-26,data/raw/odfw/sauvie-island/2025-26/harvest/daily/2026-01-13.pdf,https://myodfw.com/sites/default/files/2026-01/01132026s.pdf,207579,c8c71b3ea2ad4ae871be3722137cd5c5e0cdbf347b277fd400fd4ac9e30c0c78
daily_harvest,2025-26,data/raw/odfw/sauvie-island/2025-26/harvest/daily/2026-01-15.pdf,https://myodfw.com/sites/default/files/2026-01/01152026s.pdf,207730,24f19a04471e02126519e567a5520ca5a30cfe4bff914d53a025bfedaecf21eb
daily_harvest,2025-26,data/raw/odfw/sauvie-island/2025-26/harvest/daily/2026-01-17.pdf,https://myodfw.com/sites/default/files/2026-01/01172026s.pdf,208595,e6b8c60e8ae0a496d1de1f168b74a97689c30e8d9b5769e638357a3476b2a61b
daily_harvest,2025-26,data/raw/odfw/sauvie-island/2025-26/harvest/daily/2026-01-19.pdf,https://myodfw.com/sites/default/files/2026-01/01192026s.pdf,208170,e2a68b36b51a9697238bb767073003562e2fff3421b8b162961ba55d3dcc0db6
daily_harvest,2025-26,data/raw/odfw/sauvie-island/2025-26/harvest/daily/2026-01-21.pdf,https://myodfw.com/sites/default/files/2026-01/01212026s.pdf,208491,ffcf9b6cae7736d88e9c82abbf303e88f56a215f98a3877efb688bfee4d655c5
daily_harvest,2025-26,data/raw/odfw/sauvie-island/2025-26/harvest/daily/2026-01-23.pdf,https://myodfw.com/sites/default/files/2026-01/01232026s.pdf,208910,b60bcdeca2fba6c3d2582db65008ddb6e61367f8963bb39b0a8c6eb169645eca
daily_harvest,2025-26,data/raw/odfw/sauvie-island/2025-26/harvest/daily/2026-01-25.pdf,https://myodfw.com/sites/default/files/2026-01/01252026s.pdf,208647,678ed7040cd423aaf7b4f06f9f1c17b5cd442002af28c331bfc9a66da439f746
season_harvest,2025-26,data/raw/odfw/sauvie-island/2025-26/harvest/season-summary-by-unit-and-blind.pdf,https://myodfw.com/sites/default/files/2026-01/2025SeasonSummary_8.pdf,495235,27e6ed0ff865149d437c288ee7339722aeca8277ac40741867fe6355791063b1
first_choice_applications,2025-26,data/raw/odfw/sauvie-island/2025-26/reservations/period-a-first-choice-applications.pdf,https://myodfw.com/sites/default/files/2025-10/2025%20SIWA%20A%20Draw%20Number%20of%20first%20choice%20apps%20for%20web.pdf,137161,58f26375fe800198ced8a0799e5acb05b442459036359beae83a99a35afb68fa
first_choice_applications,2025-26,data/raw/odfw/sauvie-island/2025-26/reservations/period-b-first-choice-applications.pdf,https://myodfw.com/sites/default/files/2025-10/2025%20SIWA%20B%20Draw%20Number%20of%20first%20choice%20apps%20for%20web.pdf,136492,f4aaa51bbd8a237b070493f6f0bef8e11d2a81776a8d9714e59e307b3b63d75d
first_choice_applications,2025-26,data/raw/odfw/sauvie-island/2025-26/reservations/period-c-first-choice-applications.pdf,https://myodfw.com/sites/default/files/2025-10/2025%20SIWA%20C%20Draw%20Number%20of%20first%20choice%20apps%20for%20web.pdf,133726,e20aca2ce3a1a4ff4362b4d08d1cdc110870365fa0a6d5da1f825cb07e475736
first_choice_applications,2025-26,data/raw/odfw/sauvie-island/2025-26/reservations/period-d-first-choice-applications.pdf,https://myodfw.com/sites/default/files/2025-11/2025%20SIWA%20D%20Draw%20Number%20of%20first%20choice%20apps%20for%20web.pdf,135181,3eb344a145a346137ae79dfafcd48a42e11c397993dbdb86fca0c1b568c3338d
first_choice_applications,2025-26,data/raw/odfw/sauvie-island/2025-26/reservations/period-e-first-choice-applications.pdf,https://myodfw.com/sites/default/files/2025-12/2025%20SIWA%20E%20Draw%20Number%20of%20first%20choice%20apps%20for%20web.pdf,135485,50ebe0bbc0eabd773b7d144bb9ab15b38fcfb6f418c2a6311eced4bd27470a9e
first_choice_applications,2025-26,data/raw/odfw/sauvie-island/2025-26/reservations/period-f-first-choice-applications.pdf,https://myodfw.com/sites/default/files/2025-12/2025%20SIWA%20F%20Draw%20Number%20of%20first%20choice%20apps%20for%20web.pdf,135762,69ae9adf712ebd3381f49e4c8c3fda6a83119e0eb154411291afaea6172c8f4c
first_choice_applications,2025-26,data/raw/odfw/sauvie-island/2025-26/reservations/period-g-first-choice-applications.pdf,https://myodfw.com/sites/default/files/2025-12/2025%20SIWA%20G%20Draw%20Number%20of%20first%20choice%20apps.pdf,138026,eabe9490580b20038e2b5376b44482b68361cb11ba7e35916c77a700e1522929
reference,,data/raw/odfw/sauvie-island/references/daily-harvest-by-unit-2013-14-to-2024-25.pdf,https://myodfw.com/sites/default/files/2025-10/2013-14%20to%202024-25%20Hunters%20Ducks%20DucksPerHunter%20by%20Unit%20by%20Day.pdf,2075415,fef0d20584db359cf68736723c92ff703e291a53425a03edddd074dda141e12a
reference,,data/raw/odfw/sauvie-island/references/eastside-blinds-map.pdf,https://www.dfw.state.or.us/resources/hunting/waterfowl/sauvie/docs/BlindsEast.pdf,7685841,e829d3dcb1c030f7eb4f2a79520ef373da25e0b493cc8823fadc2a9456e1bd09
reference,,data/raw/odfw/sauvie-island/references/eastside-units-map.pdf,https://www.dfw.state.or.us/resources/hunting/waterfowl/sauvie/docs/EastUnits.pdf,7034685,4c66041b51a8f00da665aa4a31c8399e07f86f8a03bd8ab371e676a9ba3823fa
reference,,data/raw/odfw/sauvie-island/references/oak-island-map.pdf,https://www.dfw.state.or.us/resources/hunting/waterfowl/sauvie/docs/OakUnit.pdf,2442595,e91c3e57a4cb2d17b0655354b00bcb4fa85a8b7c16477ef51075195d20367692
reference,,data/raw/odfw/sauvie-island/references/reservations-available-by-unit-and-period.pdf,https://myodfw.com/sites/default/files/2025-10/Number_of_Reservations_Available_for_the_Eastside_and_Oak_Island%20updated%20Nov2021.pdf,112925,671cc41292d0918d95f99552b316a652014ef434df753870d08cbb3408aa3a40
reference,,data/raw/odfw/sauvie-island/references/waterfowl-harvest-50-year-average-1976-2026.pdf,https://myodfw.com/sites/default/files/2026-01/WATERFOWL%20HARVEST%20WORKSHEET%20%2050YR.%20AVERAGE.pdf,29748,e4df88feb6de8416eef45a17b1f1719fc138e0d442edd23c15805cafd33fbbfc
reference,,data/raw/odfw/sauvie-island/references/westside-blinds-map.pdf,https://www.dfw.state.or.us/resources/hunting/waterfowl/sauvie/docs/BlindsWest.pdf,6695852,9cb8baff447336d59caaa318833ba15b87886f69fef007cd3503069260151210
reference,,data/raw/odfw/sauvie-island/references/westside-units-map.pdf,https://www.dfw.state.or.us/resources/hunting/waterfowl/sauvie/docs/WestUnits.pdf,5843702,3785f605f8da16d43dd05895fde229515f4c1ebf51e27a482635dcaa816caae6
