team,team_slug,league,football_season,season_type,season_type_name,event_id,event_name,short_name,game_datetime_utc,game_datetime_pacific,game_date_pacific,kickoff_time_pacific,time_valid,week,home_away,opponent_id,opponent,opponent_abbreviation,team_score,opponent_score,result,completed,status,neutral_site,venue,venue_city,venue_state,broadcasts,notes,source_url
Oregon Ducks,oregon,college-football,2021,2,Regular Season,401309838,Fresno State Bulldogs at Oregon Ducks,FRES @ ORE,2021-09-04T18:00:00+00:00,2021-09-04T11:00:00-07:00,2021-09-04,11:00,True,1,home,278,Fresno State Bulldogs,FRES,31,24,W,True,Final,False,Autzen Stadium,Eugene,OR,,,https://site.api.espn.com/apis/site/v2/sports/football/college-football/teams/2483/schedule?season=2021&seasontype=2
Oregon State Beavers,oregon-state,college-football,2021,2,Regular Season,401282819,Oregon State Beavers at Purdue Boilermakers,ORST @ PUR,2021-09-04T23:00:00+00:00,2021-09-04T16:00:00-07:00,2021-09-04,16:00,True,1,away,2509,Purdue Boilermakers,PUR,21,30,L,True,Final,False,Ross-Ade Stadium,West Lafayette,IN,,,https://site.api.espn.com/apis/site/v2/sports/football/college-football/teams/204/schedule?season=2021&seasontype=2
Oregon Ducks,oregon,college-football,2021,2,Regular Season,401282809,Oregon Ducks at Ohio State Buckeyes,ORE @ OSU,2021-09-11T16:00:00+00:00,2021-09-11T09:00:00-07:00,2021-09-11,09:00,True,2,away,194,Ohio State Buckeyes,OSU,35,28,W,True,Final,False,Ohio Stadium,Columbus,OH,,,https://site.api.espn.com/apis/site/v2/sports/football/college-football/teams/2483/schedule?season=2021&seasontype=2
Oregon State Beavers,oregon-state,college-football,2021,2,Regular Season,401309844,Hawai'i Rainbow Warriors at Oregon State Beavers,HAW @ ORST,2021-09-12T03:00:00+00:00,2021-09-11T20:00:00-07:00,2021-09-11,20:00,True,2,home,62,Hawai'i Rainbow Warriors,HAW,45,27,W,True,Final,False,Reser Stadium,Corvallis,OR,,,https://site.api.espn.com/apis/site/v2/sports/football/college-football/teams/204/schedule?season=2021&seasontype=2
Seattle Seahawks,seattle-seahawks,nfl,2021,2,Regular Season,401326318,Seattle Seahawks at Indianapolis Colts,SEA @ IND,2021-09-12T17:00:00+00:00,2021-09-12T10:00:00-07:00,2021-09-12,10:00,True,1,away,11,Indianapolis Colts,IND,28,16,W,True,Final,False,Lucas Oil Stadium,Indianapolis,IN,,,https://site.api.espn.com/apis/site/v2/sports/football/nfl/teams/26/schedule?season=2021&seasontype=2
Oregon State Beavers,oregon-state,college-football,2021,2,Regular Season,401309851,Idaho Vandals at Oregon State Beavers,IDHO @ ORST,2021-09-18T19:30:00+00:00,2021-09-18T12:30:00-07:00,2021-09-18,12:30,True,3,home,70,Idaho Vandals,IDHO,42,0,W,True,Final,False,Reser Stadium,Corvallis,OR,,,https://site.api.espn.com/apis/site/v2/sports/football/college-football/teams/204/schedule?season=2021&seasontype=2
Oregon Ducks,oregon,college-football,2021,2,Regular Season,401309850,Stony Brook Seawolves at Oregon Ducks,STBK @ ORE,2021-09-18T23:30:00+00:00,2021-09-18T16:30:00-07:00,2021-09-18,16:30,True,3,home,2619,Stony Brook Seawolves,STBK,48,7,W,True,Final,False,Autzen Stadium,Eugene,OR,,,https://site.api.espn.com/apis/site/v2/sports/football/college-football/teams/2483/schedule?season=2021&seasontype=2
Seattle Seahawks,seattle-seahawks,nfl,2021,2,Regular Season,401326360,Tennessee Titans at Seattle Seahawks,TEN @ SEA,2021-09-19T20:25:00+00:00,2021-09-19T13:25:00-07:00,2021-09-19,13:25,True,2,home,10,Tennessee Titans,TEN,30,33,L,True,Final,False,Lumen Field,Seattle,WA,,,https://site.api.espn.com/apis/site/v2/sports/football/nfl/teams/26/schedule?season=2021&seasontype=2
Oregon Ducks,oregon,college-football,2021,2,Regular Season,401309859,Arizona Wildcats at Oregon Ducks,ARIZ @ ORE,2021-09-26T02:30:00+00:00,2021-09-25T19:30:00-07:00,2021-09-25,19:30,True,4,home,12,Arizona Wildcats,ARIZ,41,19,W,True,Final,False,Autzen Stadium,Eugene,OR,,,https://site.api.espn.com/apis/site/v2/sports/football/college-football/teams/2483/schedule?season=2021&seasontype=2
Oregon State Beavers,oregon-state,college-football,2021,2,Regular Season,401309860,Oregon State Beavers at USC Trojans,ORST @ USC,2021-09-26T02:30:00+00:00,2021-09-25T19:30:00-07:00,2021-09-25,19:30,True,4,away,30,USC Trojans,USC,45,27,W,True,Final,False,Los Angeles Memorial Coliseum,Los Angeles,CA,,,https://site.api.espn.com/apis/site/v2/sports/football/college-football/teams/204/schedule?season=2021&seasontype=2
Seattle Seahawks,seattle-seahawks,nfl,2021,2,Regular Season,401326376,Seattle Seahawks at Minnesota Vikings,SEA @ MIN,2021-09-26T20:25:00+00:00,2021-09-26T13:25:00-07:00,2021-09-26,13:25,True,3,away,16,Minnesota Vikings,MIN,17,30,L,True,Final,False,U.S. Bank Stadium,Minneapolis,MN,,,https://site.api.espn.com/apis/site/v2/sports/football/nfl/teams/26/schedule?season=2021&seasontype=2
Oregon Ducks,oregon,college-football,2021,2,Regular Season,401309864,Oregon Ducks at Stanford Cardinal,ORE @ STAN,2021-10-02T19:30:00+00:00,2021-10-02T12:30:00-07:00,2021-10-02,12:30,True,5,away,24,Stanford Cardinal,STAN,24,31,L,True,Final,False,Stanford Stadium,Stanford,CA,,,https://site.api.espn.com/apis/site/v2/sports/football/college-football/teams/2483/schedule?season=2021&seasontype=2
Oregon State Beavers,oregon-state,college-football,2021,2,Regular Season,401309865,Washington Huskies at Oregon State Beavers,WASH @ ORST,2021-10-03T01:00:00+00:00,2021-10-02T18:00:00-07:00,2021-10-02,18:00,True,5,home,264,Washington Huskies,WASH,27,24,W,True,Final,False,Reser Stadium,Corvallis,OR,,,https://site.api.espn.com/apis/site/v2/sports/football/college-football/teams/204/schedule?season=2021&seasontype=2
Seattle Seahawks,seattle-seahawks,nfl,2021,2,Regular Season,401326390,Seattle Seahawks at San Francisco 49ers,SEA @ SF,2021-10-03T20:05:00+00:00,2021-10-03T13:05:00-07:00,2021-10-03,13:05,True,4,away,25,San Francisco 49ers,SF,28,21,W,True,Final,False,Levi's Stadium,Santa Clara,CA,,,https://site.api.espn.com/apis/site/v2/sports/football/nfl/teams/26/schedule?season=2021&seasontype=2
Seattle Seahawks,seattle-seahawks,nfl,2021,2,Regular Season,401326395,Los Angeles Rams at Seattle Seahawks,LAR @ SEA,2021-10-08T00:20:00+00:00,2021-10-07T17:20:00-07:00,2021-10-07,17:20,True,5,home,14,Los Angeles Rams,LAR,17,26,L,True,Final,False,Lumen Field,Seattle,WA,,,https://site.api.espn.com/apis/site/v2/sports/football/nfl/teams/26/schedule?season=2021&seasontype=2
Oregon State Beavers,oregon-state,college-football,2021,2,Regular Season,401309869,Oregon State Beavers at Washington State Cougars,ORST @ WSU,2021-10-09T20:00:00+00:00,2021-10-09T13:00:00-07:00,2021-10-09,13:00,True,6,away,265,Washington State Cougars,WSU,24,31,L,True,Final,False,Martin Stadium,Pullman,WA,,,https://site.api.espn.com/apis/site/v2/sports/football/college-football/teams/204/schedule?season=2021&seasontype=2
Oregon Ducks,oregon,college-football,2021,2,Regular Season,401309872,California Golden Bears at Oregon Ducks,CAL @ ORE,2021-10-16T02:30:00+00:00,2021-10-15T19:30:00-07:00,2021-10-15,19:30,True,7,home,25,California Golden Bears,CAL,24,17,W,True,Final,False,Autzen Stadium,Eugene,OR,,,https://site.api.espn.com/apis/site/v2/sports/football/college-football/teams/2483/schedule?season=2021&seasontype=2
Seattle Seahawks,seattle-seahawks,nfl,2021,2,Regular Season,401326421,Seattle Seahawks at Pittsburgh Steelers,SEA @ PIT,2021-10-18T00:20:00+00:00,2021-10-17T17:20:00-07:00,2021-10-17,17:20,True,6,away,23,Pittsburgh Steelers,PIT,20,23,L,True,Final,False,Acrisure Stadium,Pittsburgh,PA,,,https://site.api.espn.com/apis/site/v2/sports/football/nfl/teams/26/schedule?season=2021&seasontype=2
Oregon Ducks,oregon,college-football,2021,2,Regular Season,401309879,Oregon Ducks at UCLA Bruins,ORE @ UCLA,2021-10-23T19:41:00+00:00,2021-10-23T12:41:00-07:00,2021-10-23,12:41,True,8,away,26,UCLA Bruins,UCLA,34,31,W,True,Final,False,Rose Bowl,Pasadena,CA,,,https://site.api.espn.com/apis/site/v2/sports/football/college-football/teams/2483/schedule?season=2021&seasontype=2
Oregon State Beavers,oregon-state,college-football,2021,2,Regular Season,401309880,Utah Utes at Oregon State Beavers,UTAH @ ORST,2021-10-23T23:30:00+00:00,2021-10-23T16:30:00-07:00,2021-10-23,16:30,True,8,home,254,Utah Utes,UTAH,42,34,W,True,Final,False,Reser Stadium,Corvallis,OR,,,https://site.api.espn.com/apis/site/v2/sports/football/college-football/teams/204/schedule?season=2021&seasontype=2
Seattle Seahawks,seattle-seahawks,nfl,2021,2,Regular Season,401326435,New Orleans Saints at Seattle Seahawks,NO @ SEA,2021-10-26T00:15:00+00:00,2021-10-25T17:15:00-07:00,2021-10-25,17:15,True,7,home,18,New Orleans Saints,NO,10,13,L,True,Final,False,Lumen Field,Seattle,WA,,,https://site.api.espn.com/apis/site/v2/sports/football/nfl/teams/26/schedule?season=2021&seasontype=2
Oregon Ducks,oregon,college-football,2021,2,Regular Season,401309884,Colorado Buffaloes at Oregon Ducks,COLO @ ORE,2021-10-30T19:30:00+00:00,2021-10-30T12:30:00-07:00,2021-10-30,12:30,True,9,home,38,Colorado Buffaloes,COLO,52,29,W,True,Final,False,Autzen Stadium,Eugene,OR,,,https://site.api.espn.com/apis/site/v2/sports/football/college-football/teams/2483/schedule?season=2021&seasontype=2
Oregon State Beavers,oregon-state,college-football,2021,2,Regular Season,401309882,Oregon State Beavers at California Golden Bears,ORST @ CAL,2021-10-30T23:00:00+00:00,2021-10-30T16:00:00-07:00,2021-10-30,16:00,True,9,away,25,California Golden Bears,CAL,25,39,L,True,Final,False,California Memorial Stadium,Berkeley,CA,,,https://site.api.espn.com/apis/site/v2/sports/football/college-football/teams/204/schedule?season=2021&seasontype=2
Seattle Seahawks,seattle-seahawks,nfl,2021,2,Regular Season,401326446,Jacksonville Jaguars at Seattle Seahawks,JAX @ SEA,2021-10-31T20:05:00+00:00,2021-10-31T13:05:00-07:00,2021-10-31,13:05,True,8,home,30,Jacksonville Jaguars,JAX,31,7,W,True,Final,False,Lumen Field,Seattle,WA,,,https://site.api.espn.com/apis/site/v2/sports/football/nfl/teams/26/schedule?season=2021&seasontype=2
Oregon State Beavers,oregon-state,college-football,2021,2,Regular Season,401309891,Oregon State Beavers at Colorado Buffaloes,ORST @ COLO,2021-11-06T23:00:00+00:00,2021-11-06T16:00:00-07:00,2021-11-06,16:00,True,10,away,38,Colorado Buffaloes,COLO,34,37,L,True,Final,False,Folsom Field,Boulder,CO,,,https://site.api.espn.com/apis/site/v2/sports/football/college-football/teams/204/schedule?season=2021&seasontype=2
Oregon Ducks,oregon,college-football,2021,2,Regular Season,401309890,Oregon Ducks at Washington Huskies,ORE @ WASH,2021-11-06T23:30:00+00:00,2021-11-06T16:30:00-07:00,2021-11-06,16:30,True,10,away,264,Washington Huskies,WASH,26,16,W,True,Final,False,Husky Stadium,Seattle,WA,,,https://site.api.espn.com/apis/site/v2/sports/football/college-football/teams/2483/schedule?season=2021&seasontype=2
Oregon State Beavers,oregon-state,college-football,2021,2,Regular Season,401309894,Stanford Cardinal at Oregon State Beavers,STAN @ ORST,2021-11-13T22:30:00+00:00,2021-11-13T14:30:00-08:00,2021-11-13,14:30,True,11,home,24,Stanford Cardinal,STAN,35,14,W,True,Final,False,Reser Stadium,Corvallis,OR,,,https://site.api.espn.com/apis/site/v2/sports/football/college-football/teams/204/schedule?season=2021&seasontype=2
Oregon Ducks,oregon,college-football,2021,2,Regular Season,401309895,Washington State Cougars at Oregon Ducks,WSU @ ORE,2021-11-14T03:30:00+00:00,2021-11-13T19:30:00-08:00,2021-11-13,19:30,True,11,home,265,Washington State Cougars,WSU,38,24,W,True,Final,False,Autzen Stadium,Eugene,OR,,,https://site.api.espn.com/apis/site/v2/sports/football/college-football/teams/2483/schedule?season=2021&seasontype=2
Seattle Seahawks,seattle-seahawks,nfl,2021,2,Regular Season,401326476,Seattle Seahawks at Green Bay Packers,SEA @ GB,2021-11-14T21:25:00+00:00,2021-11-14T13:25:00-08:00,2021-11-14,13:25,True,10,away,9,Green Bay Packers,GB,0,17,L,True,Final,False,Lambeau Field,Green Bay,WI,,,https://site.api.espn.com/apis/site/v2/sports/football/nfl/teams/26/schedule?season=2021&seasontype=2
Oregon Ducks,oregon,college-football,2021,2,Regular Season,401309901,Oregon Ducks at Utah Utes,ORE @ UTAH,2021-11-21T00:30:00+00:00,2021-11-20T16:30:00-08:00,2021-11-20,16:30,True,12,away,254,Utah Utes,UTAH,7,38,L,True,Final,False,Rice-Eccles Stadium,Salt Lake City,UT,,,https://site.api.espn.com/apis/site/v2/sports/football/college-football/teams/2483/schedule?season=2021&seasontype=2
Oregon State Beavers,oregon-state,college-football,2021,2,Regular Season,401309902,Arizona State Sun Devils at Oregon State Beavers,ASU @ ORST,2021-11-21T03:30:00+00:00,2021-11-20T19:30:00-08:00,2021-11-20,19:30,True,12,home,9,Arizona State Sun Devils,ASU,24,10,W,True,Final,False,Reser Stadium,Corvallis,OR,,,https://site.api.espn.com/apis/site/v2/sports/football/college-football/teams/204/schedule?season=2021&seasontype=2
Seattle Seahawks,seattle-seahawks,nfl,2021,2,Regular Season,401326491,Arizona Cardinals at Seattle Seahawks,ARI @ SEA,2021-11-21T21:25:00+00:00,2021-11-21T13:25:00-08:00,2021-11-21,13:25,True,11,home,22,Arizona Cardinals,ARI,13,23,L,True,Final,False,Lumen Field,Seattle,WA,,,https://site.api.espn.com/apis/site/v2/sports/football/nfl/teams/26/schedule?season=2021&seasontype=2
Oregon Ducks,oregon,college-football,2021,2,Regular Season,401309908,Oregon State Beavers at Oregon Ducks,ORST @ ORE,2021-11-27T20:30:00+00:00,2021-11-27T12:30:00-08:00,2021-11-27,12:30,True,13,home,204,Oregon State Beavers,ORST,38,29,W,True,Final,False,Autzen Stadium,Eugene,OR,,,https://site.api.espn.com/apis/site/v2/sports/football/college-football/teams/2483/schedule?season=2021&seasontype=2
Oregon State Beavers,oregon-state,college-football,2021,2,Regular Season,401309908,Oregon State Beavers at Oregon Ducks,ORST @ ORE,2021-11-27T20:30:00+00:00,2021-11-27T12:30:00-08:00,2021-11-27,12:30,True,13,away,2483,Oregon Ducks,ORE,29,38,L,True,Final,False,Autzen Stadium,Eugene,OR,,,https://site.api.espn.com/apis/site/v2/sports/football/college-football/teams/204/schedule?season=2021&seasontype=2
Seattle Seahawks,seattle-seahawks,nfl,2021,2,Regular Season,401326508,Seattle Seahawks at Washington ,SEA @ WSH,2021-11-30T01:15:00+00:00,2021-11-29T17:15:00-08:00,2021-11-29,17:15,True,12,away,28,Washington,WSH,15,17,L,True,Final,False,Northwest Stadium,Landover,MD,,,https://site.api.espn.com/apis/site/v2/sports/football/nfl/teams/26/schedule?season=2021&seasontype=2
Oregon Ducks,oregon,college-football,2021,2,Regular Season,401331159,Oregon Ducks at Utah Utes,ORE VS UTAH,2021-12-04T01:00:00+00:00,2021-12-03T17:00:00-08:00,2021-12-03,17:00,True,14,away,254,Utah Utes,UTAH,10,38,L,True,Final,True,Allegiant Stadium,Las Vegas,NV,,Pac-12 Championship Game,https://site.api.espn.com/apis/site/v2/sports/football/college-football/teams/2483/schedule?season=2021&seasontype=2
Seattle Seahawks,seattle-seahawks,nfl,2021,2,Regular Season,401326521,San Francisco 49ers at Seattle Seahawks,SF @ SEA,2021-12-05T21:25:00+00:00,2021-12-05T13:25:00-08:00,2021-12-05,13:25,True,13,home,25,San Francisco 49ers,SF,30,23,W,True,Final,False,Lumen Field,Seattle,WA,,,https://site.api.espn.com/apis/site/v2/sports/football/nfl/teams/26/schedule?season=2021&seasontype=2
Seattle Seahawks,seattle-seahawks,nfl,2021,2,Regular Season,401326527,Seattle Seahawks at Houston Texans,SEA @ HOU,2021-12-12T18:00:00+00:00,2021-12-12T10:00:00-08:00,2021-12-12,10:00,True,14,away,34,Houston Texans,HOU,33,13,W,True,Final,False,Reliant Stadium,Houston,TX,,,https://site.api.espn.com/apis/site/v2/sports/football/nfl/teams/26/schedule?season=2021&seasontype=2
Oregon State Beavers,oregon-state,college-football,2021,3,Postseason,401331170,Utah State Aggies at Oregon State Beavers,USU VS ORST,2021-12-19T00:30:00+00:00,2021-12-18T16:30:00-08:00,2021-12-18,16:30,True,1,home,328,Utah State Aggies,USU,13,24,L,True,Final,True,SoFi Stadium,Inglewood,CA,,Jimmy Kimmel LA Bowl Presented by Stifel,https://site.api.espn.com/apis/site/v2/sports/football/college-football/teams/204/schedule?season=2021&seasontype=3
Seattle Seahawks,seattle-seahawks,nfl,2021,2,Regular Season,401326550,Seattle Seahawks at Los Angeles Rams,SEA @ LAR,2021-12-22T00:00:00+00:00,2021-12-21T16:00:00-08:00,2021-12-21,16:00,True,15,away,14,Los Angeles Rams,LAR,10,20,L,True,Final,False,SoFi Stadium,Inglewood,CA,,,https://site.api.espn.com/apis/site/v2/sports/football/nfl/teams/26/schedule?season=2021&seasontype=2
Seattle Seahawks,seattle-seahawks,nfl,2021,2,Regular Season,401326564,Chicago Bears at Seattle Seahawks,CHI @ SEA,2021-12-26T21:05:00+00:00,2021-12-26T13:05:00-08:00,2021-12-26,13:05,True,16,home,3,Chicago Bears,CHI,24,25,L,True,Final,False,Lumen Field,Seattle,WA,,,https://site.api.espn.com/apis/site/v2/sports/football/nfl/teams/26/schedule?season=2021&seasontype=2
Oregon Ducks,oregon,college-football,2021,3,Postseason,401331228,Oregon Ducks at Oklahoma Sooners,ORE VS OU,2021-12-30T02:15:00+00:00,2021-12-29T18:15:00-08:00,2021-12-29,18:15,True,1,away,201,Oklahoma Sooners,OU,32,47,L,True,Final,True,Alamodome,San Antonio,TX,,Valero Alamo Bowl,https://site.api.espn.com/apis/site/v2/sports/football/college-football/teams/2483/schedule?season=2021&seasontype=3
Seattle Seahawks,seattle-seahawks,nfl,2021,2,Regular Season,401326582,Detroit Lions at Seattle Seahawks,DET @ SEA,2022-01-02T21:25:00+00:00,2022-01-02T13:25:00-08:00,2022-01-02,13:25,True,17,home,8,Detroit Lions,DET,51,29,W,True,Final,False,Lumen Field,Seattle,WA,,,https://site.api.espn.com/apis/site/v2/sports/football/nfl/teams/26/schedule?season=2021&seasontype=2
Seattle Seahawks,seattle-seahawks,nfl,2021,2,Regular Season,401326597,Seattle Seahawks at Arizona Cardinals,SEA @ ARI,2022-01-09T21:25:00+00:00,2022-01-09T13:25:00-08:00,2022-01-09,13:25,True,18,away,22,Arizona Cardinals,ARI,38,30,W,True,Final,False,State Farm Stadium,Glendale,AZ,,,https://site.api.espn.com/apis/site/v2/sports/football/nfl/teams/26/schedule?season=2021&seasontype=2
Oregon Ducks,oregon,college-football,2022,2,Regular Season,401403858,Oregon Ducks at Georgia Bulldogs,ORE VS UGA,2022-09-03T19:30:00+00:00,2022-09-03T12:30:00-07:00,2022-09-03,12:30,True,1,away,61,Georgia Bulldogs,UGA,3,49,L,True,Final,True,Mercedes-Benz Stadium,Atlanta,GA,,Chick-fil-A Kickoff,https://site.api.espn.com/apis/site/v2/sports/football/college-football/teams/2483/schedule?season=2022&seasontype=2
Oregon State Beavers,oregon-state,college-football,2022,2,Regular Season,401403969,Boise State Broncos at Oregon State Beavers,BOIS @ ORST,2022-09-04T02:30:00+00:00,2022-09-03T19:30:00-07:00,2022-09-03,19:30,True,1,home,68,Boise State Broncos,BOIS,34,17,W,True,Final,False,Reser Stadium,Corvallis,OR,,,https://site.api.espn.com/apis/site/v2/sports/football/college-football/teams/204/schedule?season=2022&seasontype=2
Oregon Ducks,oregon,college-football,2022,2,Regular Season,401403978,Eastern Washington Eagles at Oregon Ducks,EWU @ ORE,2022-09-11T00:30:00+00:00,2022-09-10T17:30:00-07:00,2022-09-10,17:30,True,2,home,331,Eastern Washington Eagles,EWU,70,14,W,True,Final,False,Autzen Stadium,Eugene,OR,,,https://site.api.espn.com/apis/site/v2/sports/football/college-football/teams/2483/schedule?season=2022&seasontype=2
Oregon State Beavers,oregon-state,college-football,2022,2,Regular Season,401403979,Oregon State Beavers at Fresno State Bulldogs,ORST @ FRES,2022-09-11T02:30:00+00:00,2022-09-10T19:30:00-07:00,2022-09-10,19:30,True,2,away,278,Fresno State Bulldogs,FRES,35,32,W,True,Final,False,Valley Children's Stadium,Fresno,CA,,,https://site.api.espn.com/apis/site/v2/sports/football/college-football/teams/204/schedule?season=2022&seasontype=2
Seattle Seahawks,seattle-seahawks,nfl,2022,2,Regular Season,401437655,Denver Broncos at Seattle Seahawks,DEN @ SEA,2022-09-13T00:15:00+00:00,2022-09-12T17:15:00-07:00,2022-09-12,17:15,True,1,home,7,Denver Broncos,DEN,17,16,W,True,Final,False,Lumen Field,Seattle,WA,,,https://site.api.espn.com/apis/site/v2/sports/football/nfl/teams/26/schedule?season=2022&seasontype=2
Oregon Ducks,oregon,college-football,2022,2,Regular Season,401403989,BYU Cougars at Oregon Ducks,BYU @ ORE,2022-09-17T19:30:00+00:00,2022-09-17T12:30:00-07:00,2022-09-17,12:30,True,3,home,252,BYU Cougars,BYU,41,20,W,True,Final,False,Autzen Stadium,Eugene,OR,,,https://site.api.espn.com/apis/site/v2/sports/football/college-football/teams/2483/schedule?season=2022&seasontype=2
Oregon State Beavers,oregon-state,college-football,2022,2,Regular Season,401403990,Montana State Bobcats at Oregon State Beavers,MTST VS ORST,2022-09-18T00:00:00+00:00,2022-09-17T17:00:00-07:00,2022-09-17,17:00,True,3,home,147,Montana State Bobcats,MTST,68,28,W,True,Final,True,Providence Park,Portland,OR,,,https://site.api.espn.com/apis/site/v2/sports/football/college-football/teams/204/schedule?season=2022&seasontype=2
Seattle Seahawks,seattle-seahawks,nfl,2022,2,Regular Season,401437605,Seattle Seahawks at San Francisco 49ers,SEA @ SF,2022-09-18T20:05:00+00:00,2022-09-18T13:05:00-07:00,2022-09-18,13:05,True,2,away,25,San Francisco 49ers,SF,7,27,L,True,Final,False,Levi's Stadium,Santa Clara,CA,,,https://site.api.espn.com/apis/site/v2/sports/football/nfl/teams/26/schedule?season=2022&seasontype=2
Oregon Ducks,oregon,college-football,2022,2,Regular Season,401403999,Oregon Ducks at Washington State Cougars,ORE @ WSU,2022-09-24T20:00:00+00:00,2022-09-24T13:00:00-07:00,2022-09-24,13:00,True,4,away,265,Washington State Cougars,WSU,44,41,W,True,Final,False,Martin Stadium,Pullman,WA,,,https://site.api.espn.com/apis/site/v2/sports/football/college-football/teams/2483/schedule?season=2022&seasontype=2
Oregon State Beavers,oregon-state,college-football,2022,2,Regular Season,401404000,USC Trojans at Oregon State Beavers,USC @ ORST,2022-09-25T01:30:00+00:00,2022-09-24T18:30:00-07:00,2022-09-24,18:30,True,4,home,30,USC Trojans,USC,14,17,L,True,Final,False,Reser Stadium,Corvallis,OR,,,https://site.api.espn.com/apis/site/v2/sports/football/college-football/teams/204/schedule?season=2022&seasontype=2
Seattle Seahawks,seattle-seahawks,nfl,2022,2,Regular Season,401437745,Atlanta Falcons at Seattle Seahawks,ATL @ SEA,2022-09-25T20:25:00+00:00,2022-09-25T13:25:00-07:00,2022-09-25,13:25,True,3,home,1,Atlanta Falcons,ATL,23,27,L,True,Final,False,Lumen Field,Seattle,WA,,,https://site.api.espn.com/apis/site/v2/sports/football/nfl/teams/26/schedule?season=2022&seasontype=2
Oregon State Beavers,oregon-state,college-football,2022,2,Regular Season,401404006,Oregon State Beavers at Utah Utes,ORST @ UTAH,2022-10-01T18:00:00+00:00,2022-10-01T11:00:00-07:00,2022-10-01,11:00,True,5,away,254,Utah Utes,UTAH,16,42,L,True,Final,False,Rice-Eccles Stadium,Salt Lake City,UT,,,https://site.api.espn.com/apis/site/v2/sports/football/college-football/teams/204/schedule?season=2022&seasontype=2
Oregon Ducks,oregon,college-football,2022,2,Regular Season,401404005,Stanford Cardinal at Oregon Ducks,STAN @ ORE,2022-10-02T03:00:00+00:00,2022-10-01T20:00:00-07:00,2022-10-01,20:00,True,5,home,24,Stanford Cardinal,STAN,45,27,W,True,Final,False,Autzen Stadium,Eugene,OR,,,https://site.api.espn.com/apis/site/v2/sports/football/college-football/teams/2483/schedule?season=2022&seasontype=2
Seattle Seahawks,seattle-seahawks,nfl,2022,2,Regular Season,401437752,Seattle Seahawks at Detroit Lions,SEA @ DET,2022-10-02T17:00:00+00:00,2022-10-02T10:00:00-07:00,2022-10-02,10:00,True,4,away,8,Detroit Lions,DET,48,45,W,True,Final,False,Ford Field,Detroit,MI,,,https://site.api.espn.com/apis/site/v2/sports/football/nfl/teams/26/schedule?season=2022&seasontype=2
Oregon Ducks,oregon,college-football,2022,2,Regular Season,401404008,Oregon Ducks at Arizona Wildcats,ORE @ ARIZ,2022-10-09T01:00:00+00:00,2022-10-08T18:00:00-07:00,2022-10-08,18:00,True,6,away,12,Arizona Wildcats,ARIZ,49,22,W,True,Final,False,Casino Del Sol Stadium,Tucson,AZ,,,https://site.api.espn.com/apis/site/v2/sports/football/college-football/teams/2483/schedule?season=2022&seasontype=2
Oregon State Beavers,oregon-state,college-football,2022,2,Regular Season,401404010,Oregon State Beavers at Stanford Cardinal,ORST @ STAN,2022-10-09T03:00:00+00:00,2022-10-08T20:00:00-07:00,2022-10-08,20:00,True,6,away,24,Stanford Cardinal,STAN,28,27,W,True,Final,False,Stanford Stadium,Stanford,CA,,,https://site.api.espn.com/apis/site/v2/sports/football/college-football/teams/204/schedule?season=2022&seasontype=2
Seattle Seahawks,seattle-seahawks,nfl,2022,2,Regular Season,401437768,Seattle Seahawks at New Orleans Saints,SEA @ NO,2022-10-09T17:00:00+00:00,2022-10-09T10:00:00-07:00,2022-10-09,10:00,True,5,away,18,New Orleans Saints,NO,32,39,L,True,Final,False,Caesars Superdome,New Orleans,LA,,,https://site.api.espn.com/apis/site/v2/sports/football/nfl/teams/26/schedule?season=2022&seasontype=2
Oregon State Beavers,oregon-state,college-football,2022,2,Regular Season,401404015,Washington State Cougars at Oregon State Beavers,WSU @ ORST,2022-10-16T01:00:00+00:00,2022-10-15T18:00:00-07:00,2022-10-15,18:00,True,7,home,265,Washington State Cougars,WSU,24,10,W,True,Final,False,Reser Stadium,Corvallis,OR,,,https://site.api.espn.com/apis/site/v2/sports/football/college-football/teams/204/schedule?season=2022&seasontype=2
Seattle Seahawks,seattle-seahawks,nfl,2022,2,Regular Season,401437787,Arizona Cardinals at Seattle Seahawks,ARI @ SEA,2022-10-16T20:05:00+00:00,2022-10-16T13:05:00-07:00,2022-10-16,13:05,True,6,home,22,Arizona Cardinals,ARI,19,9,W,True,Final,False,Lumen Field,Seattle,WA,,,https://site.api.espn.com/apis/site/v2/sports/football/nfl/teams/26/schedule?season=2022&seasontype=2
Oregon Ducks,oregon,college-football,2022,2,Regular Season,401404021,UCLA Bruins at Oregon Ducks,UCLA @ ORE,2022-10-22T19:30:00+00:00,2022-10-22T12:30:00-07:00,2022-10-22,12:30,True,8,home,26,UCLA Bruins,UCLA,45,30,W,True,Final,False,Autzen Stadium,Eugene,OR,,,https://site.api.espn.com/apis/site/v2/sports/football/college-football/teams/2483/schedule?season=2022&seasontype=2
Oregon State Beavers,oregon-state,college-football,2022,2,Regular Season,401404020,Colorado Buffaloes at Oregon State Beavers,COLO @ ORST,2022-10-23T00:00:00+00:00,2022-10-22T17:00:00-07:00,2022-10-22,17:00,True,8,home,38,Colorado Buffaloes,COLO,42,9,W,True,Final,False,Reser Stadium,Corvallis,OR,,,https://site.api.espn.com/apis/site/v2/sports/football/college-football/teams/204/schedule?season=2022&seasontype=2
Seattle Seahawks,seattle-seahawks,nfl,2022,2,Regular Season,401437801,Seattle Seahawks at Los Angeles Chargers,SEA @ LAC,2022-10-23T20:25:00+00:00,2022-10-23T13:25:00-07:00,2022-10-23,13:25,True,7,away,24,Los Angeles Chargers,LAC,37,23,W,True,Final,False,SoFi Stadium,Inglewood,CA,,,https://site.api.espn.com/apis/site/v2/sports/football/nfl/teams/26/schedule?season=2022&seasontype=2
Oregon Ducks,oregon,college-football,2022,2,Regular Season,401404024,Oregon Ducks at California Golden Bears,ORE @ CAL,2022-10-29T19:30:00+00:00,2022-10-29T12:30:00-07:00,2022-10-29,12:30,True,9,away,25,California Golden Bears,CAL,42,24,W,True,Final,False,California Memorial Stadium,Berkeley,CA,,,https://site.api.espn.com/apis/site/v2/sports/football/college-football/teams/2483/schedule?season=2022&seasontype=2
Seattle Seahawks,seattle-seahawks,nfl,2022,2,Regular Season,401437816,New York Giants at Seattle Seahawks,NYG @ SEA,2022-10-30T20:25:00+00:00,2022-10-30T13:25:00-07:00,2022-10-30,13:25,True,8,home,19,New York Giants,NYG,27,13,W,True,Final,False,Lumen Field,Seattle,WA,,,https://site.api.espn.com/apis/site/v2/sports/football/nfl/teams/26/schedule?season=2022&seasontype=2
Oregon State Beavers,oregon-state,college-football,2022,2,Regular Season,401404031,Oregon State Beavers at Washington Huskies,ORST @ WASH,2022-11-05T02:30:00+00:00,2022-11-04T19:30:00-07:00,2022-11-04,19:30,True,10,away,264,Washington Huskies,WASH,21,24,L,True,Final,False,Husky Stadium,Seattle,WA,,,https://site.api.espn.com/apis/site/v2/sports/football/college-football/teams/204/schedule?season=2022&seasontype=2
Oregon Ducks,oregon,college-football,2022,2,Regular Season,401404030,Oregon Ducks at Colorado Buffaloes,ORE @ COLO,2022-11-05T19:30:00+00:00,2022-11-05T12:30:00-07:00,2022-11-05,12:30,True,10,away,38,Colorado Buffaloes,COLO,49,10,W,True,Final,False,Folsom Field,Boulder,CO,,,https://site.api.espn.com/apis/site/v2/sports/football/college-football/teams/2483/schedule?season=2022&seasontype=2
Seattle Seahawks,seattle-seahawks,nfl,2022,2,Regular Season,401437828,Seattle Seahawks at Arizona Cardinals,SEA @ ARI,2022-11-06T21:05:00+00:00,2022-11-06T13:05:00-08:00,2022-11-06,13:05,True,9,away,22,Arizona Cardinals,ARI,31,21,W,True,Final,False,State Farm Stadium,Glendale,AZ,,,https://site.api.espn.com/apis/site/v2/sports/football/nfl/teams/26/schedule?season=2022&seasontype=2
Oregon Ducks,oregon,college-football,2022,2,Regular Season,401404037,Washington Huskies at Oregon Ducks,WASH @ ORE,2022-11-13T00:00:00+00:00,2022-11-12T16:00:00-08:00,2022-11-12,16:00,True,11,home,264,Washington Huskies,WASH,34,37,L,True,Final,False,Autzen Stadium,Eugene,OR,,,https://site.api.espn.com/apis/site/v2/sports/football/college-football/teams/2483/schedule?season=2022&seasontype=2
Oregon State Beavers,oregon-state,college-football,2022,2,Regular Season,401404036,California Golden Bears at Oregon State Beavers,CAL @ ORST,2022-11-13T02:00:00+00:00,2022-11-12T18:00:00-08:00,2022-11-12,18:00,True,11,home,25,California Golden Bears,CAL,38,10,W,True,Final,False,Reser Stadium,Corvallis,OR,,,https://site.api.espn.com/apis/site/v2/sports/football/college-football/teams/204/schedule?season=2022&seasontype=2
Seattle Seahawks,seattle-seahawks,nfl,2022,2,Regular Season,401435638,Seattle Seahawks at Tampa Bay Buccaneers,SEA VS TB,2022-11-13T14:30:00+00:00,2022-11-13T06:30:00-08:00,2022-11-13,06:30,True,10,away,27,Tampa Bay Buccaneers,TB,16,21,L,True,Final,True,Allianz Arena,Munich,,,,https://site.api.espn.com/apis/site/v2/sports/football/nfl/teams/26/schedule?season=2022&seasontype=2
Oregon State Beavers,oregon-state,college-football,2022,2,Regular Season,401404040,Oregon State Beavers at Arizona State Sun Devils,ORST @ ASU,2022-11-19T19:15:00+00:00,2022-11-19T11:15:00-08:00,2022-11-19,11:15,True,12,away,9,Arizona State Sun Devils,ASU,31,7,W,True,Final,False,Mountain America Stadium,Tempe,AZ,,,https://site.api.espn.com/apis/site/v2/sports/football/college-football/teams/204/schedule?season=2022&seasontype=2
Oregon Ducks,oregon,college-football,2022,2,Regular Season,401404043,Utah Utes at Oregon Ducks,UTAH @ ORE,2022-11-20T03:30:00+00:00,2022-11-19T19:30:00-08:00,2022-11-19,19:30,True,12,home,254,Utah Utes,UTAH,20,17,W,True,Final,False,Autzen Stadium,Eugene,OR,,,https://site.api.espn.com/apis/site/v2/sports/football/college-football/teams/2483/schedule?season=2022&seasontype=2
Oregon Ducks,oregon,college-football,2022,2,Regular Season,401404047,Oregon Ducks at Oregon State Beavers,ORE @ ORST,2022-11-26T20:30:00+00:00,2022-11-26T12:30:00-08:00,2022-11-26,12:30,True,13,away,204,Oregon State Beavers,ORST,34,38,L,True,Final,False,Reser Stadium,Corvallis,OR,,,https://site.api.espn.com/apis/site/v2/sports/football/college-football/teams/2483/schedule?season=2022&seasontype=2
Oregon State Beavers,oregon-state,college-football,2022,2,Regular Season,401404047,Oregon Ducks at Oregon State Beavers,ORE @ ORST,2022-11-26T20:30:00+00:00,2022-11-26T12:30:00-08:00,2022-11-26,12:30,True,13,home,2483,Oregon Ducks,ORE,38,34,W,True,Final,False,Reser Stadium,Corvallis,OR,,,https://site.api.espn.com/apis/site/v2/sports/football/college-football/teams/204/schedule?season=2022&seasontype=2
Seattle Seahawks,seattle-seahawks,nfl,2022,2,Regular Season,401437868,Las Vegas Raiders at Seattle Seahawks,LV @ SEA,2022-11-27T21:05:00+00:00,2022-11-27T13:05:00-08:00,2022-11-27,13:05,True,12,home,13,Las Vegas Raiders,LV,34,40,L,True,Final,False,Lumen Field,Seattle,WA,,,https://site.api.espn.com/apis/site/v2/sports/football/nfl/teams/26/schedule?season=2022&seasontype=2
Seattle Seahawks,seattle-seahawks,nfl,2022,2,Regular Season,401437882,Seattle Seahawks at Los Angeles Rams,SEA @ LAR,2022-12-04T21:05:00+00:00,2022-12-04T13:05:00-08:00,2022-12-04,13:05,True,13,away,14,Los Angeles Rams,LAR,27,23,W,True,Final,False,SoFi Stadium,Inglewood,CA,,,https://site.api.espn.com/apis/site/v2/sports/football/nfl/teams/26/schedule?season=2022&seasontype=2
Seattle Seahawks,seattle-seahawks,nfl,2022,2,Regular Season,401437898,Carolina Panthers at Seattle Seahawks,CAR @ SEA,2022-12-11T21:25:00+00:00,2022-12-11T13:25:00-08:00,2022-12-11,13:25,True,14,home,29,Carolina Panthers,CAR,24,30,L,True,Final,False,Lumen Field,Seattle,WA,,,https://site.api.espn.com/apis/site/v2/sports/football/nfl/teams/26/schedule?season=2022&seasontype=2
Seattle Seahawks,seattle-seahawks,nfl,2022,2,Regular Season,401437901,San Francisco 49ers at Seattle Seahawks,SF @ SEA,2022-12-16T01:15:00+00:00,2022-12-15T17:15:00-08:00,2022-12-15,17:15,True,15,home,25,San Francisco 49ers,SF,13,21,L,True,Final,False,Lumen Field,Seattle,WA,,,https://site.api.espn.com/apis/site/v2/sports/football/nfl/teams/26/schedule?season=2022&seasontype=2
Oregon State Beavers,oregon-state,college-football,2022,3,Postseason,401441999,Florida Gators at Oregon State Beavers,FLA VS ORST,2022-12-17T19:30:00+00:00,2022-12-17T11:30:00-08:00,2022-12-17,11:30,True,1,home,57,Florida Gators,FLA,30,3,W,True,Final,True,Allegiant Stadium,Las Vegas,NV,,SRS Distribution Las Vegas Bowl,https://site.api.espn.com/apis/site/v2/sports/football/college-football/teams/204/schedule?season=2022&seasontype=3
Seattle Seahawks,seattle-seahawks,nfl,2022,2,Regular Season,401437922,Seattle Seahawks at Kansas City Chiefs,SEA @ KC,2022-12-24T18:00:00+00:00,2022-12-24T10:00:00-08:00,2022-12-24,10:00,True,16,away,12,Kansas City Chiefs,KC,10,24,L,True,Final,False,Arrowhead Stadium,Kansas City,MO,,,https://site.api.espn.com/apis/site/v2/sports/football/nfl/teams/26/schedule?season=2022&seasontype=2
Oregon Ducks,oregon,college-football,2022,3,Postseason,401470891,Oregon Ducks at North Carolina Tar Heels,ORE VS UNC,2022-12-29T01:00:00+00:00,2022-12-28T17:00:00-08:00,2022-12-28,17:00,True,1,away,153,North Carolina Tar Heels,UNC,28,27,W,True,Final,True,Petco Park,San Diego,CA,,San Diego County Credit Union Holiday Bowl,https://site.api.espn.com/apis/site/v2/sports/football/college-football/teams/2483/schedule?season=2022&seasontype=3
Seattle Seahawks,seattle-seahawks,nfl,2022,2,Regular Season,401437944,New York Jets at Seattle Seahawks,NYJ @ SEA,2023-01-01T21:05:00+00:00,2023-01-01T13:05:00-08:00,2023-01-01,13:05,True,17,home,20,New York Jets,NYJ,23,6,W,True,Final,False,Lumen Field,Seattle,WA,,,https://site.api.espn.com/apis/site/v2/sports/football/nfl/teams/26/schedule?season=2022&seasontype=2
Seattle Seahawks,seattle-seahawks,nfl,2022,2,Regular Season,401437963,Los Angeles Rams at Seattle Seahawks,LAR @ SEA,2023-01-08T21:25:00+00:00,2023-01-08T13:25:00-08:00,2023-01-08,13:25,True,18,home,14,Los Angeles Rams,LAR,19,16,W,True,Final,False,Lumen Field,Seattle,WA,,,https://site.api.espn.com/apis/site/v2/sports/football/nfl/teams/26/schedule?season=2022&seasontype=2
Seattle Seahawks,seattle-seahawks,nfl,2022,3,Postseason,401438000,Seattle Seahawks at San Francisco 49ers,SEA @ SF,2023-01-14T21:30:00+00:00,2023-01-14T13:30:00-08:00,2023-01-14,13:30,True,1,away,25,San Francisco 49ers,SF,23,41,L,True,Final,False,Levi's Stadium,Santa Clara,CA,,NFC Wild Card Playoffs,https://site.api.espn.com/apis/site/v2/sports/football/nfl/teams/26/schedule?season=2022&seasontype=3
Oregon Ducks,oregon,college-football,2023,2,Regular Season,401523992,Portland State Vikings at Oregon Ducks,PRST @ ORE,2023-09-02T19:00:00+00:00,2023-09-02T12:00:00-07:00,2023-09-02,12:00,True,1,home,2502,Portland State Vikings,PRST,81,7,W,True,Final,False,Autzen Stadium,Eugene,OR,,,https://site.api.espn.com/apis/site/v2/sports/football/college-football/teams/2483/schedule?season=2023&seasontype=2
Oregon State Beavers,oregon-state,college-football,2023,2,Regular Season,401532573,Oregon State Beavers at San José State Spartans,ORST @ SJSU,2023-09-03T19:30:00+00:00,2023-09-03T12:30:00-07:00,2023-09-03,12:30,True,1,away,23,San José State Spartans,SJSU,42,17,W,True,Final,False,CEFCU Stadium,San Jose,CA,,,https://site.api.espn.com/apis/site/v2/sports/football/college-football/teams/204/schedule?season=2023&seasontype=2
Oregon Ducks,oregon,college-football,2023,2,Regular Season,401524002,Oregon Ducks at Texas Tech Red Raiders,ORE @ TTU,2023-09-09T23:00:00+00:00,2023-09-09T16:00:00-07:00,2023-09-09,16:00,True,2,away,2641,Texas Tech Red Raiders,TTU,38,30,W,True,Final,False,Galaxy Stadium,Lubbock,TX,,,https://site.api.espn.com/apis/site/v2/sports/football/college-football/teams/2483/schedule?season=2023&seasontype=2
Oregon State Beavers,oregon-state,college-football,2023,2,Regular Season,401524000,UC Davis Aggies at Oregon State Beavers,UCD @ ORST,2023-09-10T01:00:00+00:00,2023-09-09T18:00:00-07:00,2023-09-09,18:00,True,2,home,302,UC Davis Aggies,UCD,55,7,W,True,Final,False,Reser Stadium,Corvallis,OR,,,https://site.api.espn.com/apis/site/v2/sports/football/college-football/teams/204/schedule?season=2023&seasontype=2
Seattle Seahawks,seattle-seahawks,nfl,2023,2,Regular Season,401547408,Los Angeles Rams at Seattle Seahawks,LAR @ SEA,2023-09-10T20:25:00+00:00,2023-09-10T13:25:00-07:00,2023-09-10,13:25,True,1,home,14,Los Angeles Rams,LAR,13,30,L,True,Final,False,Lumen Field,Seattle,WA,,,https://site.api.espn.com/apis/site/v2/sports/football/nfl/teams/26/schedule?season=2023&seasontype=2
Oregon State Beavers,oregon-state,college-football,2023,2,Regular Season,401524009,San Diego State Aztecs at Oregon State Beavers,SDSU @ ORST,2023-09-16T19:30:00+00:00,2023-09-16T12:30:00-07:00,2023-09-16,12:30,True,3,home,21,San Diego State Aztecs,SDSU,26,9,W,True,Final,False,Reser Stadium,Corvallis,OR,,,https://site.api.espn.com/apis/site/v2/sports/football/college-football/teams/204/schedule?season=2023&seasontype=2
Oregon Ducks,oregon,college-football,2023,2,Regular Season,401524008,Hawai'i Rainbow Warriors at Oregon Ducks,HAW @ ORE,2023-09-17T00:00:00+00:00,2023-09-16T17:00:00-07:00,2023-09-16,17:00,True,3,home,62,Hawai'i Rainbow Warriors,HAW,55,10,W,True,Final,False,Autzen Stadium,Eugene,OR,,,https://site.api.espn.com/apis/site/v2/sports/football/college-football/teams/2483/schedule?season=2023&seasontype=2
Seattle Seahawks,seattle-seahawks,nfl,2023,2,Regular Season,401547418,Seattle Seahawks at Detroit Lions,SEA @ DET,2023-09-17T17:00:00+00:00,2023-09-17T10:00:00-07:00,2023-09-17,10:00,True,2,away,8,Detroit Lions,DET,37,31,W,True,Final,False,Ford Field,Detroit,MI,,,https://site.api.espn.com/apis/site/v2/sports/football/nfl/teams/26/schedule?season=2023&seasontype=2
Oregon Ducks,oregon,college-football,2023,2,Regular Season,401524015,Colorado Buffaloes at Oregon Ducks,COLO @ ORE,2023-09-23T19:30:00+00:00,2023-09-23T12:30:00-07:00,2023-09-23,12:30,True,4,home,38,Colorado Buffaloes,COLO,42,6,W,True,Final,False,Autzen Stadium,Eugene,OR,,,https://site.api.espn.com/apis/site/v2/sports/football/college-football/teams/2483/schedule?season=2023&seasontype=2
Oregon State Beavers,oregon-state,college-football,2023,2,Regular Season,401524019,Oregon State Beavers at Washington State Cougars,ORST @ WSU,2023-09-23T23:00:00+00:00,2023-09-23T16:00:00-07:00,2023-09-23,16:00,True,4,away,265,Washington State Cougars,WSU,35,38,L,True,Final,False,Martin Stadium,Pullman,WA,,,https://site.api.espn.com/apis/site/v2/sports/football/college-football/teams/204/schedule?season=2023&seasontype=2
Seattle Seahawks,seattle-seahawks,nfl,2023,2,Regular Season,401547432,Carolina Panthers at Seattle Seahawks,CAR @ SEA,2023-09-24T20:05:00+00:00,2023-09-24T13:05:00-07:00,2023-09-24,13:05,True,3,home,29,Carolina Panthers,CAR,37,27,W,True,Final,False,Lumen Field,Seattle,WA,,,https://site.api.espn.com/apis/site/v2/sports/football/nfl/teams/26/schedule?season=2023&seasontype=2
Oregon State Beavers,oregon-state,college-football,2023,2,Regular Season,401524020,Utah Utes at Oregon State Beavers,UTAH @ ORST,2023-09-30T01:00:00+00:00,2023-09-29T18:00:00-07:00,2023-09-29,18:00,True,5,home,254,Utah Utes,UTAH,21,7,W,True,Final,False,Reser Stadium,Corvallis,OR,,,https://site.api.espn.com/apis/site/v2/sports/football/college-football/teams/204/schedule?season=2023&seasontype=2
Oregon Ducks,oregon,college-football,2023,2,Regular Season,401524024,Oregon Ducks at Stanford Cardinal,ORE @ STAN,2023-09-30T22:30:00+00:00,2023-09-30T15:30:00-07:00,2023-09-30,15:30,True,5,away,24,Stanford Cardinal,STAN,42,6,W,True,Final,False,Stanford Stadium,Stanford,CA,,,https://site.api.espn.com/apis/site/v2/sports/football/college-football/teams/2483/schedule?season=2023&seasontype=2
Seattle Seahawks,seattle-seahawks,nfl,2023,2,Regular Season,401547456,Seattle Seahawks at New York Giants,SEA @ NYG,2023-10-03T00:15:00+00:00,2023-10-02T17:15:00-07:00,2023-10-02,17:15,True,4,away,19,New York Giants,NYG,24,3,W,True,Final,False,MetLife Stadium,East Rutherford,NJ,,,https://site.api.espn.com/apis/site/v2/sports/football/nfl/teams/26/schedule?season=2023&seasontype=2
Oregon State Beavers,oregon-state,college-football,2023,2,Regular Season,401524027,Oregon State Beavers at California Golden Bears,ORST @ CAL,2023-10-08T02:00:00+00:00,2023-10-07T19:00:00-07:00,2023-10-07,19:00,True,6,away,25,California Golden Bears,CAL,52,40,W,True,Final,False,California Memorial Stadium,Berkeley,CA,,,https://site.api.espn.com/apis/site/v2/sports/football/college-football/teams/204/schedule?season=2023&seasontype=2
Oregon Ducks,oregon,college-football,2023,2,Regular Season,401524034,Oregon Ducks at Washington Huskies,ORE @ WASH,2023-10-14T19:30:00+00:00,2023-10-14T12:30:00-07:00,2023-10-14,12:30,True,7,away,264,Washington Huskies,WASH,33,36,L,True,Final,False,Husky Stadium,Seattle,WA,,,https://site.api.espn.com/apis/site/v2/sports/football/college-football/teams/2483/schedule?season=2023&seasontype=2
Oregon State Beavers,oregon-state,college-football,2023,2,Regular Season,401524032,UCLA Bruins at Oregon State Beavers,UCLA @ ORST,2023-10-15T00:00:00+00:00,2023-10-14T17:00:00-07:00,2023-10-14,17:00,True,7,home,26,UCLA Bruins,UCLA,36,24,W,True,Final,False,Reser Stadium,Corvallis,OR,,,https://site.api.espn.com/apis/site/v2/sports/football/college-football/teams/204/schedule?season=2023&seasontype=2
Seattle Seahawks,seattle-seahawks,nfl,2023,2,Regular Season,401547471,Seattle Seahawks at Cincinnati Bengals,SEA @ CIN,2023-10-15T17:00:00+00:00,2023-10-15T10:00:00-07:00,2023-10-15,10:00,True,6,away,4,Cincinnati Bengals,CIN,13,17,L,True,Final,False,Paycor Stadium,Cincinnati,OH,,,https://site.api.espn.com/apis/site/v2/sports/football/nfl/teams/26/schedule?season=2023&seasontype=2
Oregon Ducks,oregon,college-football,2023,2,Regular Season,401524035,Washington State Cougars at Oregon Ducks,WSU @ ORE,2023-10-21T19:30:00+00:00,2023-10-21T12:30:00-07:00,2023-10-21,12:30,True,8,home,265,Washington State Cougars,WSU,38,24,W,True,Final,False,Autzen Stadium,Eugene,OR,,,https://site.api.espn.com/apis/site/v2/sports/football/college-football/teams/2483/schedule?season=2023&seasontype=2
Seattle Seahawks,seattle-seahawks,nfl,2023,2,Regular Season,401547493,Arizona Cardinals at Seattle Seahawks,ARI @ SEA,2023-10-22T20:05:00+00:00,2023-10-22T13:05:00-07:00,2023-10-22,13:05,True,7,home,22,Arizona Cardinals,ARI,20,10,W,True,Final,False,Lumen Field,Seattle,WA,,,https://site.api.espn.com/apis/site/v2/sports/football/nfl/teams/26/schedule?season=2023&seasontype=2
Oregon Ducks,oregon,college-football,2023,2,Regular Season,401524044,Oregon Ducks at Utah Utes,ORE @ UTAH,2023-10-28T19:30:00+00:00,2023-10-28T12:30:00-07:00,2023-10-28,12:30,True,9,away,254,Utah Utes,UTAH,35,6,W,True,Final,False,Rice-Eccles Stadium,Salt Lake City,UT,,,https://site.api.espn.com/apis/site/v2/sports/football/college-football/teams/2483/schedule?season=2023&seasontype=2
Oregon State Beavers,oregon-state,college-football,2023,2,Regular Season,401524039,Oregon State Beavers at Arizona Wildcats,ORST @ ARIZ,2023-10-29T02:30:00+00:00,2023-10-28T19:30:00-07:00,2023-10-28,19:30,True,9,away,12,Arizona Wildcats,ARIZ,24,27,L,True,Final,False,Casino Del Sol Stadium,Tucson,AZ,,,https://site.api.espn.com/apis/site/v2/sports/football/college-football/teams/204/schedule?season=2023&seasontype=2
Seattle Seahawks,seattle-seahawks,nfl,2023,2,Regular Season,401547509,Cleveland Browns at Seattle Seahawks,CLE @ SEA,2023-10-29T20:05:00+00:00,2023-10-29T13:05:00-07:00,2023-10-29,13:05,True,8,home,5,Cleveland Browns,CLE,24,20,W,True,Final,False,Lumen Field,Seattle,WA,,,https://site.api.espn.com/apis/site/v2/sports/football/nfl/teams/26/schedule?season=2023&seasontype=2
Oregon Ducks,oregon,college-football,2023,2,Regular Season,401524047,California Golden Bears at Oregon Ducks,CAL @ ORE,2023-11-04T21:30:00+00:00,2023-11-04T14:30:00-07:00,2023-11-04,14:30,True,10,home,25,California Golden Bears,CAL,63,19,W,True,Final,False,Autzen Stadium,Eugene,OR,,,https://site.api.espn.com/apis/site/v2/sports/football/college-football/teams/2483/schedule?season=2023&seasontype=2
Oregon State Beavers,oregon-state,college-football,2023,2,Regular Season,401524046,Oregon State Beavers at Colorado Buffaloes,ORST @ COLO,2023-11-05T02:00:00+00:00,2023-11-04T19:00:00-07:00,2023-11-04,19:00,True,10,away,38,Colorado Buffaloes,COLO,26,19,W,True,Final,False,Folsom Field,Boulder,CO,,,https://site.api.espn.com/apis/site/v2/sports/football/college-football/teams/204/schedule?season=2023&seasontype=2
Seattle Seahawks,seattle-seahawks,nfl,2023,2,Regular Season,401547513,Seattle Seahawks at Baltimore Ravens,SEA @ BAL,2023-11-05T18:00:00+00:00,2023-11-05T10:00:00-08:00,2023-11-05,10:00,True,9,away,33,Baltimore Ravens,BAL,3,37,L,True,Final,False,M&T Bank Stadium,Baltimore,MD,,,https://site.api.espn.com/apis/site/v2/sports/football/nfl/teams/26/schedule?season=2023&seasontype=2
Oregon State Beavers,oregon-state,college-football,2023,2,Regular Season,401524054,Stanford Cardinal at Oregon State Beavers,STAN @ ORST,2023-11-11T22:30:00+00:00,2023-11-11T14:30:00-08:00,2023-11-11,14:30,True,11,home,24,Stanford Cardinal,STAN,62,17,W,True,Final,False,Reser Stadium,Corvallis,OR,,,https://site.api.espn.com/apis/site/v2/sports/football/college-football/teams/204/schedule?season=2023&seasontype=2
Oregon Ducks,oregon,college-football,2023,2,Regular Season,401524053,USC Trojans at Oregon Ducks,USC @ ORE,2023-11-12T03:30:00+00:00,2023-11-11T19:30:00-08:00,2023-11-11,19:30,True,11,home,30,USC Trojans,USC,36,27,W,True,Final,False,Autzen Stadium,Eugene,OR,,,https://site.api.espn.com/apis/site/v2/sports/football/college-football/teams/2483/schedule?season=2023&seasontype=2
Seattle Seahawks,seattle-seahawks,nfl,2023,2,Regular Season,401547535,Washington Commanders at Seattle Seahawks,WSH @ SEA,2023-11-12T21:25:00+00:00,2023-11-12T13:25:00-08:00,2023-11-12,13:25,True,10,home,28,Washington Commanders,WSH,29,26,W,True,Final,False,Lumen Field,Seattle,WA,,,https://site.api.espn.com/apis/site/v2/sports/football/nfl/teams/26/schedule?season=2023&seasontype=2
Oregon Ducks,oregon,college-football,2023,2,Regular Season,401524059,Oregon Ducks at Arizona State Sun Devils,ORE @ ASU,2023-11-18T21:00:00+00:00,2023-11-18T13:00:00-08:00,2023-11-18,13:00,True,12,away,9,Arizona State Sun Devils,ASU,49,13,W,True,Final,False,Mountain America Stadium,Tempe,AZ,,,https://site.api.espn.com/apis/site/v2/sports/football/college-football/teams/2483/schedule?season=2023&seasontype=2
Oregon State Beavers,oregon-state,college-football,2023,2,Regular Season,401524060,Washington Huskies at Oregon State Beavers,WASH @ ORST,2023-11-19T00:30:00+00:00,2023-11-18T16:30:00-08:00,2023-11-18,16:30,True,12,home,264,Washington Huskies,WASH,20,22,L,True,Final,False,Reser Stadium,Corvallis,OR,,,https://site.api.espn.com/apis/site/v2/sports/football/college-football/teams/204/schedule?season=2023&seasontype=2
Seattle Seahawks,seattle-seahawks,nfl,2023,2,Regular Season,401547544,Seattle Seahawks at Los Angeles Rams,SEA @ LAR,2023-11-19T21:25:00+00:00,2023-11-19T13:25:00-08:00,2023-11-19,13:25,True,11,away,14,Los Angeles Rams,LAR,16,17,L,True,Final,False,SoFi Stadium,Inglewood,CA,,,https://site.api.espn.com/apis/site/v2/sports/football/nfl/teams/26/schedule?season=2023&seasontype=2
Seattle Seahawks,seattle-seahawks,nfl,2023,2,Regular Season,401547553,San Francisco 49ers at Seattle Seahawks,SF @ SEA,2023-11-24T01:20:00+00:00,2023-11-23T17:20:00-08:00,2023-11-23,17:20,True,12,home,25,San Francisco 49ers,SF,13,31,L,True,Final,False,Lumen Field,Seattle,WA,,,https://site.api.espn.com/apis/site/v2/sports/football/nfl/teams/26/schedule?season=2023&seasontype=2
Oregon Ducks,oregon,college-football,2023,2,Regular Season,401524063,Oregon State Beavers at Oregon Ducks,ORST @ ORE,2023-11-25T01:30:00+00:00,2023-11-24T17:30:00-08:00,2023-11-24,17:30,True,13,home,204,Oregon State Beavers,ORST,31,7,W,True,Final,False,Autzen Stadium,Eugene,OR,,,https://site.api.espn.com/apis/site/v2/sports/football/college-football/teams/2483/schedule?season=2023&seasontype=2
Oregon State Beavers,oregon-state,college-football,2023,2,Regular Season,401524063,Oregon State Beavers at Oregon Ducks,ORST @ ORE,2023-11-25T01:30:00+00:00,2023-11-24T17:30:00-08:00,2023-11-24,17:30,True,13,away,2483,Oregon Ducks,ORE,7,31,L,True,Final,False,Autzen Stadium,Eugene,OR,,,https://site.api.espn.com/apis/site/v2/sports/football/college-football/teams/204/schedule?season=2023&seasontype=2
Seattle Seahawks,seattle-seahawks,nfl,2023,2,Regular Season,401547566,Seattle Seahawks at Dallas Cowboys,SEA @ DAL,2023-12-01T01:15:00+00:00,2023-11-30T17:15:00-08:00,2023-11-30,17:15,True,13,away,6,Dallas Cowboys,DAL,35,41,L,True,Final,False,AT&T Stadium,Arlington,TX,,,https://site.api.espn.com/apis/site/v2/sports/football/nfl/teams/26/schedule?season=2023&seasontype=2
Oregon Ducks,oregon,college-football,2023,2,Regular Season,401539475,Oregon Ducks at Washington Huskies,ORE VS WASH,2023-12-02T01:00:00+00:00,2023-12-01T17:00:00-08:00,2023-12-01,17:00,True,14,away,264,Washington Huskies,WASH,31,34,L,True,Final,True,Allegiant Stadium,Las Vegas,NV,,Pac-12 Championship,https://site.api.espn.com/apis/site/v2/sports/football/college-football/teams/2483/schedule?season=2023&seasontype=2
Seattle Seahawks,seattle-seahawks,nfl,2023,2,Regular Season,401547589,Seattle Seahawks at San Francisco 49ers,SEA @ SF,2023-12-10T21:05:00+00:00,2023-12-10T13:05:00-08:00,2023-12-10,13:05,True,14,away,25,San Francisco 49ers,SF,16,28,L,True,Final,False,Levi's Stadium,Santa Clara,CA,,,https://site.api.espn.com/apis/site/v2/sports/football/nfl/teams/26/schedule?season=2023&seasontype=2
Seattle Seahawks,seattle-seahawks,nfl,2023,2,Regular Season,401547601,Philadelphia Eagles at Seattle Seahawks,PHI @ SEA,2023-12-19T01:15:00+00:00,2023-12-18T17:15:00-08:00,2023-12-18,17:15,True,15,home,21,Philadelphia Eagles,PHI,20,17,W,True,Final,False,Lumen Field,Seattle,WA,,,https://site.api.espn.com/apis/site/v2/sports/football/nfl/teams/26/schedule?season=2023&seasontype=2
Seattle Seahawks,seattle-seahawks,nfl,2023,2,Regular Season,401547614,Seattle Seahawks at Tennessee Titans,SEA @ TEN,2023-12-24T18:00:00+00:00,2023-12-24T10:00:00-08:00,2023-12-24,10:00,True,16,away,10,Tennessee Titans,TEN,20,17,W,True,Final,False,Nissan Stadium,Nashville,TN,,,https://site.api.espn.com/apis/site/v2/sports/football/nfl/teams/26/schedule?season=2023&seasontype=2
Oregon State Beavers,oregon-state,college-football,2023,3,Postseason,401551798,Oregon State Beavers at Notre Dame Fighting Irish,ORST VS ND,2023-12-29T19:00:00+00:00,2023-12-29T11:00:00-08:00,2023-12-29,11:00,True,1,away,87,Notre Dame Fighting Irish,ND,8,40,L,True,Final,True,Sun Bowl,El Paso,TX,,Tony the Tiger Sun Bowl,https://site.api.espn.com/apis/site/v2/sports/football/college-football/teams/204/schedule?season=2023&seasontype=3
Seattle Seahawks,seattle-seahawks,nfl,2023,2,Regular Season,401547636,Pittsburgh Steelers at Seattle Seahawks,PIT @ SEA,2023-12-31T21:05:00+00:00,2023-12-31T13:05:00-08:00,2023-12-31,13:05,True,17,home,23,Pittsburgh Steelers,PIT,23,30,L,True,Final,False,Lumen Field,Seattle,WA,,,https://site.api.espn.com/apis/site/v2/sports/football/nfl/teams/26/schedule?season=2023&seasontype=2
Oregon Ducks,oregon,college-football,2023,3,Postseason,401551782,Liberty Flames at Oregon Ducks,LIB VS ORE,2024-01-01T18:00:00+00:00,2024-01-01T10:00:00-08:00,2024-01-01,10:00,True,1,home,2335,Liberty Flames,LIB,45,6,W,True,Final,True,State Farm Stadium,Glendale,AZ,,Vrbo Fiesta Bowl,https://site.api.espn.com/apis/site/v2/sports/football/college-football/teams/2483/schedule?season=2023&seasontype=3
Seattle Seahawks,seattle-seahawks,nfl,2023,2,Regular Season,401547638,Seattle Seahawks at Arizona Cardinals,SEA @ ARI,2024-01-07T21:25:00+00:00,2024-01-07T13:25:00-08:00,2024-01-07,13:25,True,18,away,22,Arizona Cardinals,ARI,21,20,W,True,Final,False,State Farm Stadium,Glendale,AZ,,,https://site.api.espn.com/apis/site/v2/sports/football/nfl/teams/26/schedule?season=2023&seasontype=2
Oregon State Beavers,oregon-state,college-football,2024,2,Regular Season,401643704,Idaho State Bengals at Oregon State Beavers,IDST @ ORST,2024-08-31T22:30:00+00:00,2024-08-31T15:30:00-07:00,2024-08-31,15:30,True,1,home,304,Idaho State Bengals,IDST,38,15,W,True,Final,False,Reser Stadium,Corvallis,OR,,,https://site.api.espn.com/apis/site/v2/sports/football/college-football/teams/204/schedule?season=2024&seasontype=2
Oregon Ducks,oregon,college-football,2024,2,Regular Season,401628456,Idaho Vandals at Oregon Ducks,IDHO @ ORE,2024-08-31T23:30:00+00:00,2024-08-31T16:30:00-07:00,2024-08-31,16:30,True,1,home,70,Idaho Vandals,IDHO,24,14,W,True,Final,False,Autzen Stadium,Eugene,OR,,,https://site.api.espn.com/apis/site/v2/sports/football/college-football/teams/2483/schedule?season=2024&seasontype=2
Oregon Ducks,oregon,college-football,2024,2,Regular Season,401628469,Boise State Broncos at Oregon Ducks,BOIS @ ORE,2024-09-08T02:00:00+00:00,2024-09-07T19:00:00-07:00,2024-09-07,19:00,True,2,home,68,Boise State Broncos,BOIS,37,34,W,True,Final,False,Autzen Stadium,Eugene,OR,,,https://site.api.espn.com/apis/site/v2/sports/football/college-football/teams/2483/schedule?season=2024&seasontype=2
Oregon State Beavers,oregon-state,college-football,2024,2,Regular Season,401643709,Oregon State Beavers at San Diego State Aztecs,ORST @ SDSU,2024-09-08T02:30:00+00:00,2024-09-07T19:30:00-07:00,2024-09-07,19:30,True,2,away,21,San Diego State Aztecs,SDSU,21,0,W,True,Final,False,Snapdragon Stadium,San Diego,CA,,,https://site.api.espn.com/apis/site/v2/sports/football/college-football/teams/204/schedule?season=2024&seasontype=2
Seattle Seahawks,seattle-seahawks,nfl,2024,2,Regular Season,401671664,Denver Broncos at Seattle Seahawks,DEN @ SEA,2024-09-08T20:05:00+00:00,2024-09-08T13:05:00-07:00,2024-09-08,13:05,True,1,home,7,Denver Broncos,DEN,26,20,W,True,Final,False,Lumen Field,Seattle,WA,,,https://site.api.espn.com/apis/site/v2/sports/football/nfl/teams/26/schedule?season=2024&seasontype=2
Oregon Ducks,oregon,college-football,2024,2,Regular Season,401628483,Oregon Ducks at Oregon State Beavers,ORE @ ORST,2024-09-14T19:30:00+00:00,2024-09-14T12:30:00-07:00,2024-09-14,12:30,True,3,away,204,Oregon State Beavers,ORST,49,14,W,True,Final,False,Reser Stadium,Corvallis,OR,,,https://site.api.espn.com/apis/site/v2/sports/football/college-football/teams/2483/schedule?season=2024&seasontype=2
Oregon State Beavers,oregon-state,college-football,2024,2,Regular Season,401628483,Oregon Ducks at Oregon State Beavers,ORE @ ORST,2024-09-14T19:30:00+00:00,2024-09-14T12:30:00-07:00,2024-09-14,12:30,True,3,home,2483,Oregon Ducks,ORE,14,49,L,True,Final,False,Reser Stadium,Corvallis,OR,,,https://site.api.espn.com/apis/site/v2/sports/football/college-football/teams/204/schedule?season=2024&seasontype=2
Seattle Seahawks,seattle-seahawks,nfl,2024,2,Regular Season,401671702,Seattle Seahawks at New England Patriots,SEA @ NE,2024-09-15T17:00:00+00:00,2024-09-15T10:00:00-07:00,2024-09-15,10:00,True,2,away,17,New England Patriots,NE,23,20,W,True,Final,False,Gillette Stadium,Foxborough,MA,,,https://site.api.espn.com/apis/site/v2/sports/football/nfl/teams/26/schedule?season=2024&seasontype=2
Oregon State Beavers,oregon-state,college-football,2024,2,Regular Season,401643717,Purdue Boilermakers at Oregon State Beavers,PUR @ ORST,2024-09-22T00:30:00+00:00,2024-09-21T17:30:00-07:00,2024-09-21,17:30,True,4,home,2509,Purdue Boilermakers,PUR,38,21,W,True,Final,False,Reser Stadium,Corvallis,OR,,,https://site.api.espn.com/apis/site/v2/sports/football/college-football/teams/204/schedule?season=2024&seasontype=2
Seattle Seahawks,seattle-seahawks,nfl,2024,2,Regular Season,401671662,Miami Dolphins at Seattle Seahawks,MIA @ SEA,2024-09-22T20:05:00+00:00,2024-09-22T13:05:00-07:00,2024-09-22,13:05,True,3,home,15,Miami Dolphins,MIA,24,3,W,True,Final,False,Lumen Field,Seattle,WA,,,https://site.api.espn.com/apis/site/v2/sports/football/nfl/teams/26/schedule?season=2024&seasontype=2
Oregon Ducks,oregon,college-football,2024,2,Regular Season,401628500,Oregon Ducks at UCLA Bruins,ORE @ UCLA,2024-09-29T03:00:00+00:00,2024-09-28T20:00:00-07:00,2024-09-28,20:00,True,5,away,26,UCLA Bruins,UCLA,34,13,W,True,Final,False,Rose Bowl,Pasadena,CA,,,https://site.api.espn.com/apis/site/v2/sports/football/college-football/teams/2483/schedule?season=2024&seasontype=2
Seattle Seahawks,seattle-seahawks,nfl,2024,2,Regular Season,401671491,Seattle Seahawks at Detroit Lions,SEA @ DET,2024-10-01T00:15:00+00:00,2024-09-30T17:15:00-07:00,2024-09-30,17:15,True,4,away,8,Detroit Lions,DET,29,42,L,True,Final,False,Ford Field,Detroit,MI,,,https://site.api.espn.com/apis/site/v2/sports/football/nfl/teams/26/schedule?season=2024&seasontype=2
Oregon Ducks,oregon,college-football,2024,2,Regular Season,401628506,Michigan State Spartans at Oregon Ducks,MSU @ ORE,2024-10-05T01:00:00+00:00,2024-10-04T18:00:00-07:00,2024-10-04,18:00,True,6,home,127,Michigan State Spartans,MSU,31,10,W,True,Final,False,Autzen Stadium,Eugene,OR,,,https://site.api.espn.com/apis/site/v2/sports/football/college-football/teams/2483/schedule?season=2024&seasontype=2
Oregon State Beavers,oregon-state,college-football,2024,2,Regular Season,401643724,Colorado State Rams at Oregon State Beavers,CSU @ ORST,2024-10-05T22:30:00+00:00,2024-10-05T15:30:00-07:00,2024-10-05,15:30,True,6,home,36,Colorado State Rams,CSU,39,31,W,True,Final,False,Reser Stadium,Corvallis,OR,,,https://site.api.espn.com/apis/site/v2/sports/football/college-football/teams/204/schedule?season=2024&seasontype=2
Seattle Seahawks,seattle-seahawks,nfl,2024,2,Regular Season,401671680,New York Giants at Seattle Seahawks,NYG @ SEA,2024-10-06T20:25:00+00:00,2024-10-06T13:25:00-07:00,2024-10-06,13:25,True,5,home,19,New York Giants,NYG,20,29,L,True,Final,False,Lumen Field,Seattle,WA,,,https://site.api.espn.com/apis/site/v2/sports/football/nfl/teams/26/schedule?season=2024&seasontype=2
Seattle Seahawks,seattle-seahawks,nfl,2024,2,Regular Season,401671819,San Francisco 49ers at Seattle Seahawks,SF @ SEA,2024-10-11T00:15:00+00:00,2024-10-10T17:15:00-07:00,2024-10-10,17:15,True,6,home,25,San Francisco 49ers,SF,24,36,L,True,Final,False,Lumen Field,Seattle,WA,,,https://site.api.espn.com/apis/site/v2/sports/football/nfl/teams/26/schedule?season=2024&seasontype=2
Oregon Ducks,oregon,college-football,2024,2,Regular Season,401628515,Ohio State Buckeyes at Oregon Ducks,OSU @ ORE,2024-10-12T23:30:00+00:00,2024-10-12T16:30:00-07:00,2024-10-12,16:30,True,7,home,194,Ohio State Buckeyes,OSU,32,31,W,True,Final,False,Autzen Stadium,Eugene,OR,,,https://site.api.espn.com/apis/site/v2/sports/football/college-football/teams/2483/schedule?season=2024&seasontype=2
Oregon State Beavers,oregon-state,college-football,2024,2,Regular Season,401643731,Oregon State Beavers at Nevada Wolf Pack,ORST @ NEV,2024-10-12T23:30:00+00:00,2024-10-12T16:30:00-07:00,2024-10-12,16:30,True,7,away,2440,Nevada Wolf Pack,NEV,37,42,L,True,Final,False,Mackay Stadium,Reno,NV,,,https://site.api.espn.com/apis/site/v2/sports/football/college-football/teams/204/schedule?season=2024&seasontype=2
Oregon Ducks,oregon,college-football,2024,2,Regular Season,401628523,Oregon Ducks at Purdue Boilermakers,ORE @ PUR,2024-10-19T00:00:00+00:00,2024-10-18T17:00:00-07:00,2024-10-18,17:00,True,8,away,2509,Purdue Boilermakers,PUR,35,0,W,True,Final,False,Ross-Ade Stadium,West Lafayette,IN,,,https://site.api.espn.com/apis/site/v2/sports/football/college-football/teams/2483/schedule?season=2024&seasontype=2
Oregon State Beavers,oregon-state,college-football,2024,2,Regular Season,401643739,UNLV Rebels at Oregon State Beavers,UNLV @ ORST,2024-10-20T02:00:00+00:00,2024-10-19T19:00:00-07:00,2024-10-19,19:00,True,8,home,2439,UNLV Rebels,UNLV,25,33,L,True,Final,False,Reser Stadium,Corvallis,OR,,,https://site.api.espn.com/apis/site/v2/sports/football/college-football/teams/204/schedule?season=2024&seasontype=2
Seattle Seahawks,seattle-seahawks,nfl,2024,2,Regular Season,401671730,Seattle Seahawks at Atlanta Falcons,SEA @ ATL,2024-10-20T17:00:00+00:00,2024-10-20T10:00:00-07:00,2024-10-20,10:00,True,7,away,1,Atlanta Falcons,ATL,34,14,W,True,Final,False,Mercedes-Benz Stadium,Atlanta,GA,,,https://site.api.espn.com/apis/site/v2/sports/football/nfl/teams/26/schedule?season=2024&seasontype=2
Oregon Ducks,oregon,college-football,2024,2,Regular Season,401628525,Illinois Fighting Illini at Oregon Ducks,ILL @ ORE,2024-10-26T19:30:00+00:00,2024-10-26T12:30:00-07:00,2024-10-26,12:30,True,9,home,356,Illinois Fighting Illini,ILL,38,9,W,True,Final,False,Autzen Stadium,Eugene,OR,,,https://site.api.espn.com/apis/site/v2/sports/football/college-football/teams/2483/schedule?season=2024&seasontype=2
Oregon State Beavers,oregon-state,college-football,2024,2,Regular Season,401635594,Oregon State Beavers at California Golden Bears,ORST @ CAL,2024-10-26T20:00:00+00:00,2024-10-26T13:00:00-07:00,2024-10-26,13:00,True,9,away,25,California Golden Bears,CAL,7,44,L,True,Final,False,California Memorial Stadium,Berkeley,CA,,,https://site.api.espn.com/apis/site/v2/sports/football/college-football/teams/204/schedule?season=2024&seasontype=2
Seattle Seahawks,seattle-seahawks,nfl,2024,2,Regular Season,401671760,Buffalo Bills at Seattle Seahawks,BUF @ SEA,2024-10-27T20:05:00+00:00,2024-10-27T13:05:00-07:00,2024-10-27,13:05,True,8,home,2,Buffalo Bills,BUF,10,31,L,True,Final,False,Lumen Field,Seattle,WA,,,https://site.api.espn.com/apis/site/v2/sports/football/nfl/teams/26/schedule?season=2024&seasontype=2
Oregon Ducks,oregon,college-football,2024,2,Regular Season,401628536,Oregon Ducks at Michigan Wolverines,ORE @ MICH,2024-11-02T19:30:00+00:00,2024-11-02T12:30:00-07:00,2024-11-02,12:30,True,10,away,130,Michigan Wolverines,MICH,38,17,W,True,Final,False,Michigan Stadium,Ann Arbor,MI,,,https://site.api.espn.com/apis/site/v2/sports/football/college-football/teams/2483/schedule?season=2024&seasontype=2
Seattle Seahawks,seattle-seahawks,nfl,2024,2,Regular Season,401671776,Los Angeles Rams at Seattle Seahawks,LAR @ SEA,2024-11-03T21:25:00+00:00,2024-11-03T13:25:00-08:00,2024-11-03,13:25,True,9,home,14,Los Angeles Rams,LAR,20,26,L,True,Final,False,Lumen Field,Seattle,WA,,,https://site.api.espn.com/apis/site/v2/sports/football/nfl/teams/26/schedule?season=2024&seasontype=2
Oregon State Beavers,oregon-state,college-football,2024,2,Regular Season,401643755,San José State Spartans at Oregon State Beavers,SJSU @ ORST,2024-11-09T20:30:00+00:00,2024-11-09T12:30:00-08:00,2024-11-09,12:30,True,11,home,23,San José State Spartans,SJSU,13,24,L,True,Final,False,Reser Stadium,Corvallis,OR,,,https://site.api.espn.com/apis/site/v2/sports/football/college-football/teams/204/schedule?season=2024&seasontype=2
Oregon Ducks,oregon,college-football,2024,2,Regular Season,401628543,Maryland Terrapins at Oregon Ducks,MD @ ORE,2024-11-10T00:00:00+00:00,2024-11-09T16:00:00-08:00,2024-11-09,16:00,True,11,home,120,Maryland Terrapins,MD,39,18,W,True,Final,False,Autzen Stadium,Eugene,OR,,,https://site.api.espn.com/apis/site/v2/sports/football/college-football/teams/2483/schedule?season=2024&seasontype=2
Oregon State Beavers,oregon-state,college-football,2024,2,Regular Season,401643757,Oregon State Beavers at Air Force Falcons,ORST @ AFA,2024-11-16T20:30:00+00:00,2024-11-16T12:30:00-08:00,2024-11-16,12:30,True,12,away,2005,Air Force Falcons,AFA,0,28,L,True,Final,False,Falcon Stadium,USAF Academy,CO,,,https://site.api.espn.com/apis/site/v2/sports/football/college-football/teams/204/schedule?season=2024&seasontype=2
Oregon Ducks,oregon,college-football,2024,2,Regular Season,401628551,Oregon Ducks at Wisconsin Badgers,ORE @ WIS,2024-11-17T00:30:00+00:00,2024-11-16T16:30:00-08:00,2024-11-16,16:30,True,12,away,275,Wisconsin Badgers,WIS,16,13,W,True,Final,False,Camp Randall Stadium,Madison,WI,,,https://site.api.espn.com/apis/site/v2/sports/football/college-football/teams/2483/schedule?season=2024&seasontype=2
Seattle Seahawks,seattle-seahawks,nfl,2024,2,Regular Season,401671757,Seattle Seahawks at San Francisco 49ers,SEA @ SF,2024-11-17T21:05:00+00:00,2024-11-17T13:05:00-08:00,2024-11-17,13:05,True,11,away,25,San Francisco 49ers,SF,20,17,W,True,Final,False,Levi's Stadium,Santa Clara,CA,,,https://site.api.espn.com/apis/site/v2/sports/football/nfl/teams/26/schedule?season=2024&seasontype=2
Oregon State Beavers,oregon-state,college-football,2024,2,Regular Season,401628572,Washington State Cougars at Oregon State Beavers,WSU @ ORST,2024-11-24T00:00:00+00:00,2024-11-23T16:00:00-08:00,2024-11-23,16:00,True,13,home,265,Washington State Cougars,WSU,41,38,W,True,Final,False,Reser Stadium,Corvallis,OR,,,https://site.api.espn.com/apis/site/v2/sports/football/college-football/teams/204/schedule?season=2024&seasontype=2
Seattle Seahawks,seattle-seahawks,nfl,2024,2,Regular Season,401671775,Arizona Cardinals at Seattle Seahawks,ARI @ SEA,2024-11-24T21:25:00+00:00,2024-11-24T13:25:00-08:00,2024-11-24,13:25,True,12,home,22,Arizona Cardinals,ARI,16,6,W,True,Final,False,Lumen Field,Seattle,WA,,,https://site.api.espn.com/apis/site/v2/sports/football/nfl/teams/26/schedule?season=2024&seasontype=2
Oregon State Beavers,oregon-state,college-football,2024,2,Regular Season,401643769,Oregon State Beavers at Boise State Broncos,ORST @ BOIS,2024-11-29T17:00:00+00:00,2024-11-29T09:00:00-08:00,2024-11-29,09:00,True,14,away,68,Boise State Broncos,BOIS,18,34,L,True,Final,False,Albertsons Stadium,Boise,ID,,,https://site.api.espn.com/apis/site/v2/sports/football/college-football/teams/204/schedule?season=2024&seasontype=2
Oregon Ducks,oregon,college-football,2024,2,Regular Season,401628569,Washington Huskies at Oregon Ducks,WASH @ ORE,2024-12-01T00:30:00+00:00,2024-11-30T16:30:00-08:00,2024-11-30,16:30,True,14,home,264,Washington Huskies,WASH,49,21,W,True,Final,False,Autzen Stadium,Eugene,OR,,,https://site.api.espn.com/apis/site/v2/sports/football/college-football/teams/2483/schedule?season=2024&seasontype=2
Seattle Seahawks,seattle-seahawks,nfl,2024,2,Regular Season,401671703,Seattle Seahawks at New York Jets,SEA @ NYJ,2024-12-01T18:00:00+00:00,2024-12-01T10:00:00-08:00,2024-12-01,10:00,True,13,away,20,New York Jets,NYJ,26,21,W,True,Final,False,MetLife Stadium,East Rutherford,NJ,,,https://site.api.espn.com/apis/site/v2/sports/football/nfl/teams/26/schedule?season=2024&seasontype=2
Oregon Ducks,oregon,college-football,2024,2,Regular Season,401673464,Penn State Nittany Lions at Oregon Ducks,PSU VS ORE,2024-12-08T01:00:00+00:00,2024-12-07T17:00:00-08:00,2024-12-07,17:00,True,15,home,213,Penn State Nittany Lions,PSU,45,37,W,True,Final,True,Lucas Oil Stadium,Indianapolis,IN,,Big Ten Championship,https://site.api.espn.com/apis/site/v2/sports/football/college-football/teams/2483/schedule?season=2024&seasontype=2
Seattle Seahawks,seattle-seahawks,nfl,2024,2,Regular Season,401671660,Seattle Seahawks at Arizona Cardinals,SEA @ ARI,2024-12-08T21:05:00+00:00,2024-12-08T13:05:00-08:00,2024-12-08,13:05,True,14,away,22,Arizona Cardinals,ARI,30,18,W,True,Final,False,State Farm Stadium,Glendale,AZ,,,https://site.api.espn.com/apis/site/v2/sports/football/nfl/teams/26/schedule?season=2024&seasontype=2
Seattle Seahawks,seattle-seahawks,nfl,2024,2,Regular Season,401671796,Green Bay Packers at Seattle Seahawks,GB @ SEA,2024-12-16T01:20:00+00:00,2024-12-15T17:20:00-08:00,2024-12-15,17:20,True,15,home,9,Green Bay Packers,GB,13,30,L,True,Final,False,Lumen Field,Seattle,WA,,,https://site.api.espn.com/apis/site/v2/sports/football/nfl/teams/26/schedule?season=2024&seasontype=2
Seattle Seahawks,seattle-seahawks,nfl,2024,2,Regular Season,401671759,Minnesota Vikings at Seattle Seahawks,MIN @ SEA,2024-12-22T21:05:00+00:00,2024-12-22T13:05:00-08:00,2024-12-22,13:05,True,16,home,16,Minnesota Vikings,MIN,24,27,L,True,Final,False,Lumen Field,Seattle,WA,,,https://site.api.espn.com/apis/site/v2/sports/football/nfl/teams/26/schedule?season=2024&seasontype=2
Seattle Seahawks,seattle-seahawks,nfl,2024,2,Regular Season,401671876,Seattle Seahawks at Chicago Bears,SEA @ CHI,2024-12-27T01:15:00+00:00,2024-12-26T17:15:00-08:00,2024-12-26,17:15,True,17,away,3,Chicago Bears,CHI,6,3,W,True,Final,False,Soldier Field,Chicago,IL,,,https://site.api.espn.com/apis/site/v2/sports/football/nfl/teams/26/schedule?season=2024&seasontype=2
Oregon Ducks,oregon,college-football,2024,3,Postseason,401677183,Ohio State Buckeyes at Oregon Ducks,OSU VS ORE,2025-01-01T22:00:00+00:00,2025-01-01T14:00:00-08:00,2025-01-01,14:00,True,1,home,194,Ohio State Buckeyes,OSU,21,41,L,True,Final,True,Rose Bowl,Pasadena,CA,,College Football Playoff Quarterfinal at the Rose Bowl Presented by Prudential,https://site.api.espn.com/apis/site/v2/sports/football/college-football/teams/2483/schedule?season=2024&seasontype=3
Seattle Seahawks,seattle-seahawks,nfl,2024,2,Regular Season,401671830,Seattle Seahawks at Los Angeles Rams,SEA @ LAR,2025-01-05T21:25:00+00:00,2025-01-05T13:25:00-08:00,2025-01-05,13:25,True,18,away,14,Los Angeles Rams,LAR,30,25,W,True,Final,False,SoFi Stadium,Inglewood,CA,,,https://site.api.espn.com/apis/site/v2/sports/football/nfl/teams/26/schedule?season=2024&seasontype=2
Oregon Ducks,oregon,college-football,2025,2,Regular Season,401752804,Montana State Bobcats at Oregon Ducks,MTST @ ORE,2025-08-30T20:00:00+00:00,2025-08-30T13:00:00-07:00,2025-08-30,13:00,True,1,home,147,Montana State Bobcats,MTST,59,13,W,True,Final,False,Autzen Stadium,Eugene,OR,,,https://site.api.espn.com/apis/site/v2/sports/football/college-football/teams/2483/schedule?season=2025&seasontype=2
Oregon State Beavers,oregon-state,college-football,2025,2,Regular Season,401752936,California Golden Bears at Oregon State Beavers,CAL @ ORST,2025-08-31T02:30:00+00:00,2025-08-30T19:30:00-07:00,2025-08-30,19:30,True,1,home,25,California Golden Bears,CAL,15,34,L,True,Final,False,Reser Stadium,Corvallis,OR,,,https://site.api.espn.com/apis/site/v2/sports/football/college-football/teams/204/schedule?season=2025&seasontype=2
Oregon Ducks,oregon,college-football,2025,2,Regular Season,401752824,Oklahoma State Cowboys at Oregon Ducks,OKST @ ORE,2025-09-06T19:30:00+00:00,2025-09-06T12:30:00-07:00,2025-09-06,12:30,True,2,home,197,Oklahoma State Cowboys,OKST,69,3,W,True,Final,False,Autzen Stadium,Eugene,OR,,,https://site.api.espn.com/apis/site/v2/sports/football/college-football/teams/2483/schedule?season=2025&seasontype=2
Oregon State Beavers,oregon-state,college-football,2025,2,Regular Season,401752937,Fresno State Bulldogs at Oregon State Beavers,FRES @ ORST,2025-09-06T19:30:00+00:00,2025-09-06T12:30:00-07:00,2025-09-06,12:30,True,2,home,278,Fresno State Bulldogs,FRES,27,36,L,True,Final,False,Reser Stadium,Corvallis,OR,,,https://site.api.espn.com/apis/site/v2/sports/football/college-football/teams/204/schedule?season=2025&seasontype=2
Seattle Seahawks,seattle-seahawks,nfl,2025,2,Regular Season,401772831,San Francisco 49ers at Seattle Seahawks,SF @ SEA,2025-09-07T20:05:00+00:00,2025-09-07T13:05:00-07:00,2025-09-07,13:05,True,1,home,25,San Francisco 49ers,SF,13,17,L,True,Final,False,Lumen Field,Seattle,WA,,,https://site.api.espn.com/apis/site/v2/sports/football/nfl/teams/26/schedule?season=2025&seasontype=2
Oregon Ducks,oregon,college-football,2025,2,Regular Season,401752831,Oregon Ducks at Northwestern Wildcats,ORE @ NU,2025-09-13T16:00:00+00:00,2025-09-13T09:00:00-07:00,2025-09-13,09:00,True,3,away,77,Northwestern Wildcats,NU,34,14,W,True,Final,False,Northwestern Medicine Field at Martin Stadium,Evanston,IL,,,https://site.api.espn.com/apis/site/v2/sports/football/college-football/teams/2483/schedule?season=2025&seasontype=2
Oregon State Beavers,oregon-state,college-football,2025,2,Regular Season,401752938,Oregon State Beavers at Texas Tech Red Raiders,ORST @ TTU,2025-09-13T19:30:00+00:00,2025-09-13T12:30:00-07:00,2025-09-13,12:30,True,3,away,2641,Texas Tech Red Raiders,TTU,14,45,L,True,Final,False,Galaxy Stadium,Lubbock,TX,,,https://site.api.espn.com/apis/site/v2/sports/football/college-football/teams/204/schedule?season=2025&seasontype=2
Seattle Seahawks,seattle-seahawks,nfl,2025,2,Regular Season,401772836,Seattle Seahawks at Pittsburgh Steelers,SEA @ PIT,2025-09-14T17:00:00+00:00,2025-09-14T10:00:00-07:00,2025-09-14,10:00,True,2,away,23,Pittsburgh Steelers,PIT,31,17,W,True,Final,False,Acrisure Stadium,Pittsburgh,PA,,,https://site.api.espn.com/apis/site/v2/sports/football/nfl/teams/26/schedule?season=2025&seasontype=2
Oregon Ducks,oregon,college-football,2025,2,Regular Season,401752841,Oregon State Beavers at Oregon Ducks,ORST @ ORE,2025-09-20T19:00:00+00:00,2025-09-20T12:00:00-07:00,2025-09-20,12:00,True,4,home,204,Oregon State Beavers,ORST,41,7,W,True,Final,False,Autzen Stadium,Eugene,OR,,,https://site.api.espn.com/apis/site/v2/sports/football/college-football/teams/2483/schedule?season=2025&seasontype=2
Oregon State Beavers,oregon-state,college-football,2025,2,Regular Season,401752841,Oregon State Beavers at Oregon Ducks,ORST @ ORE,2025-09-20T19:00:00+00:00,2025-09-20T12:00:00-07:00,2025-09-20,12:00,True,4,away,2483,Oregon Ducks,ORE,7,41,L,True,Final,False,Autzen Stadium,Eugene,OR,,,https://site.api.espn.com/apis/site/v2/sports/football/college-football/teams/204/schedule?season=2025&seasontype=2
Seattle Seahawks,seattle-seahawks,nfl,2025,2,Regular Season,401772736,New Orleans Saints at Seattle Seahawks,NO @ SEA,2025-09-21T20:05:00+00:00,2025-09-21T13:05:00-07:00,2025-09-21,13:05,True,3,home,18,New Orleans Saints,NO,44,13,W,True,Final,False,Lumen Field,Seattle,WA,,,https://site.api.espn.com/apis/site/v2/sports/football/nfl/teams/26/schedule?season=2025&seasontype=2
Seattle Seahawks,seattle-seahawks,nfl,2025,2,Regular Season,401772938,Seattle Seahawks at Arizona Cardinals,SEA @ ARI,2025-09-26T00:15:00+00:00,2025-09-25T17:15:00-07:00,2025-09-25,17:15,True,4,away,22,Arizona Cardinals,ARI,23,20,W,True,Final,False,State Farm Stadium,Glendale,AZ,,,https://site.api.espn.com/apis/site/v2/sports/football/nfl/teams/26/schedule?season=2025&seasontype=2
Oregon State Beavers,oregon-state,college-football,2025,2,Regular Season,401752939,Houston Cougars at Oregon State Beavers,HOU @ ORST,2025-09-27T02:35:00+00:00,2025-09-26T19:35:00-07:00,2025-09-26,19:35,True,5,home,248,Houston Cougars,HOU,24,27,L,True,Final,False,Reser Stadium,Corvallis,OR,,,https://site.api.espn.com/apis/site/v2/sports/football/college-football/teams/204/schedule?season=2025&seasontype=2
Oregon Ducks,oregon,college-football,2025,2,Regular Season,401752854,Oregon Ducks at Penn State Nittany Lions,ORE @ PSU,2025-09-27T23:30:00+00:00,2025-09-27T16:30:00-07:00,2025-09-27,16:30,True,5,away,213,Penn State Nittany Lions,PSU,30,24,W,True,Final,False,Beaver Stadium,University Park,PA,,,https://site.api.espn.com/apis/site/v2/sports/football/college-football/teams/2483/schedule?season=2025&seasontype=2
Oregon State Beavers,oregon-state,college-football,2025,2,Regular Season,401752940,Oregon State Beavers at App State Mountaineers,ORST @ APP,2025-10-04T19:30:00+00:00,2025-10-04T12:30:00-07:00,2025-10-04,12:30,True,6,away,2026,App State Mountaineers,APP,23,27,L,True,Final,False,Kidd Brewer Stadium,Boone,NC,,,https://site.api.espn.com/apis/site/v2/sports/football/college-football/teams/204/schedule?season=2025&seasontype=2
Seattle Seahawks,seattle-seahawks,nfl,2025,2,Regular Season,401772746,Tampa Bay Buccaneers at Seattle Seahawks,TB @ SEA,2025-10-05T20:05:00+00:00,2025-10-05T13:05:00-07:00,2025-10-05,13:05,True,5,home,27,Tampa Bay Buccaneers,TB,35,38,L,True,Final,False,Lumen Field,Seattle,WA,,,https://site.api.espn.com/apis/site/v2/sports/football/nfl/teams/26/schedule?season=2025&seasontype=2
Oregon Ducks,oregon,college-football,2025,2,Regular Season,401752870,Indiana Hoosiers at Oregon Ducks,IU @ ORE,2025-10-11T19:30:00+00:00,2025-10-11T12:30:00-07:00,2025-10-11,12:30,True,7,home,84,Indiana Hoosiers,IU,20,30,L,True,Final,False,Autzen Stadium,Eugene,OR,,,https://site.api.espn.com/apis/site/v2/sports/football/college-football/teams/2483/schedule?season=2025&seasontype=2
Oregon State Beavers,oregon-state,college-football,2025,2,Regular Season,401754563,Wake Forest Demon Deacons at Oregon State Beavers,WAKE @ ORST,2025-10-11T19:30:00+00:00,2025-10-11T12:30:00-07:00,2025-10-11,12:30,True,7,home,154,Wake Forest Demon Deacons,WAKE,14,39,L,True,Final,False,Reser Stadium,Corvallis,OR,,,https://site.api.espn.com/apis/site/v2/sports/football/college-football/teams/204/schedule?season=2025&seasontype=2
Seattle Seahawks,seattle-seahawks,nfl,2025,2,Regular Season,401772857,Seattle Seahawks at Jacksonville Jaguars,SEA @ JAX,2025-10-12T17:00:00+00:00,2025-10-12T10:00:00-07:00,2025-10-12,10:00,True,6,away,30,Jacksonville Jaguars,JAX,20,12,W,True,Final,False,EverBank Stadium,Jacksonville,FL,,,https://site.api.espn.com/apis/site/v2/sports/football/nfl/teams/26/schedule?season=2025&seasontype=2
Oregon Ducks,oregon,college-football,2025,2,Regular Season,401752876,Oregon Ducks at Rutgers Scarlet Knights,ORE @ RUTG,2025-10-18T22:30:00+00:00,2025-10-18T15:30:00-07:00,2025-10-18,15:30,True,8,away,164,Rutgers Scarlet Knights,RUTG,56,10,W,True,Final,False,SHI Stadium,Piscataway,NJ,,,https://site.api.espn.com/apis/site/v2/sports/football/college-football/teams/2483/schedule?season=2025&seasontype=2
Oregon State Beavers,oregon-state,college-football,2025,2,Regular Season,401752941,Lafayette Leopards at Oregon State Beavers,LAF @ ORST,2025-10-19T02:00:00+00:00,2025-10-18T19:00:00-07:00,2025-10-18,19:00,True,8,home,322,Lafayette Leopards,LAF,45,13,W,True,Final,False,Reser Stadium,Corvallis,OR,,,https://site.api.espn.com/apis/site/v2/sports/football/college-football/teams/204/schedule?season=2025&seasontype=2
Seattle Seahawks,seattle-seahawks,nfl,2025,2,Regular Season,401772826,Houston Texans at Seattle Seahawks,HOU @ SEA,2025-10-21T02:00:00+00:00,2025-10-20T19:00:00-07:00,2025-10-20,19:00,True,7,home,34,Houston Texans,HOU,27,19,W,True,Final,False,Lumen Field,Seattle,WA,,,https://site.api.espn.com/apis/site/v2/sports/football/nfl/teams/26/schedule?season=2025&seasontype=2
Oregon Ducks,oregon,college-football,2025,2,Regular Season,401752886,Wisconsin Badgers at Oregon Ducks,WIS @ ORE,2025-10-25T23:00:00+00:00,2025-10-25T16:00:00-07:00,2025-10-25,16:00,True,9,home,275,Wisconsin Badgers,WIS,21,7,W,True,Final,False,Autzen Stadium,Eugene,OR,,,https://site.api.espn.com/apis/site/v2/sports/football/college-football/teams/2483/schedule?season=2025&seasontype=2
Oregon State Beavers,oregon-state,college-football,2025,2,Regular Season,401752943,Washington State Cougars at Oregon State Beavers,WSU @ ORST,2025-11-01T23:30:00+00:00,2025-11-01T16:30:00-07:00,2025-11-01,16:30,True,10,home,265,Washington State Cougars,WSU,10,7,W,True,Final,False,Reser Stadium,Corvallis,OR,,,https://site.api.espn.com/apis/site/v2/sports/football/college-football/teams/204/schedule?season=2025&seasontype=2
Seattle Seahawks,seattle-seahawks,nfl,2025,2,Regular Season,401772926,Seattle Seahawks at Washington Commanders,SEA @ WSH,2025-11-03T01:20:00+00:00,2025-11-02T17:20:00-08:00,2025-11-02,17:20,True,9,away,28,Washington Commanders,WSH,38,14,W,True,Final,False,Northwest Stadium,Landover,MD,,,https://site.api.espn.com/apis/site/v2/sports/football/nfl/teams/26/schedule?season=2025&seasontype=2
Oregon Ducks,oregon,college-football,2025,2,Regular Season,401752898,Oregon Ducks at Iowa Hawkeyes,ORE @ IOWA,2025-11-08T20:30:00+00:00,2025-11-08T12:30:00-08:00,2025-11-08,12:30,True,11,away,2294,Iowa Hawkeyes,IOWA,18,16,W,True,Final,False,Kinnick Stadium,Iowa City,IA,,,https://site.api.espn.com/apis/site/v2/sports/football/college-football/teams/2483/schedule?season=2025&seasontype=2
Oregon State Beavers,oregon-state,college-football,2025,2,Regular Season,401752944,Sam Houston Bearkats at Oregon State Beavers,SHSU @ ORST,2025-11-09T03:00:00+00:00,2025-11-08T19:00:00-08:00,2025-11-08,19:00,True,11,home,2534,Sam Houston Bearkats,SHSU,17,21,L,True,Final,False,Reser Stadium,Corvallis,OR,,,https://site.api.espn.com/apis/site/v2/sports/football/college-football/teams/204/schedule?season=2025&seasontype=2
Seattle Seahawks,seattle-seahawks,nfl,2025,2,Regular Season,401772773,Arizona Cardinals at Seattle Seahawks,ARI @ SEA,2025-11-09T21:05:00+00:00,2025-11-09T13:05:00-08:00,2025-11-09,13:05,True,10,home,22,Arizona Cardinals,ARI,44,22,W,True,Final,False,Lumen Field,Seattle,WA,,,https://site.api.espn.com/apis/site/v2/sports/football/nfl/teams/26/schedule?season=2025&seasontype=2
Oregon Ducks,oregon,college-football,2025,2,Regular Season,401752904,Minnesota Golden Gophers at Oregon Ducks,MINN @ ORE,2025-11-15T02:00:00+00:00,2025-11-14T18:00:00-08:00,2025-11-14,18:00,True,12,home,135,Minnesota Golden Gophers,MINN,42,13,W,True,Final,False,Autzen Stadium,Eugene,OR,,,https://site.api.espn.com/apis/site/v2/sports/football/college-football/teams/2483/schedule?season=2025&seasontype=2
Oregon State Beavers,oregon-state,college-football,2025,2,Regular Season,401752945,Oregon State Beavers at Tulsa Golden Hurricane,ORST @ TLSA,2025-11-15T18:00:00+00:00,2025-11-15T10:00:00-08:00,2025-11-15,10:00,True,12,away,202,Tulsa Golden Hurricane,TLSA,14,31,L,True,Final,False,H. A. Chapman Stadium,Tulsa,OK,,,https://site.api.espn.com/apis/site/v2/sports/football/college-football/teams/204/schedule?season=2025&seasontype=2
Seattle Seahawks,seattle-seahawks,nfl,2025,2,Regular Season,401772884,Seattle Seahawks at Los Angeles Rams,SEA @ LAR,2025-11-16T21:05:00+00:00,2025-11-16T13:05:00-08:00,2025-11-16,13:05,True,11,away,14,Los Angeles Rams,LAR,19,21,L,True,Final,False,SoFi Stadium,Inglewood,CA,,,https://site.api.espn.com/apis/site/v2/sports/football/nfl/teams/26/schedule?season=2025&seasontype=2
Oregon Ducks,oregon,college-football,2025,2,Regular Season,401752911,USC Trojans at Oregon Ducks,USC @ ORE,2025-11-22T20:30:00+00:00,2025-11-22T12:30:00-08:00,2025-11-22,12:30,True,13,home,30,USC Trojans,USC,42,27,W,True,Final,False,Autzen Stadium,Eugene,OR,,,https://site.api.espn.com/apis/site/v2/sports/football/college-football/teams/2483/schedule?season=2025&seasontype=2
Seattle Seahawks,seattle-seahawks,nfl,2025,2,Regular Season,401772886,Seattle Seahawks at Tennessee Titans,SEA @ TEN,2025-11-23T18:00:00+00:00,2025-11-23T10:00:00-08:00,2025-11-23,10:00,True,12,away,10,Tennessee Titans,TEN,30,24,W,True,Final,False,Nissan Stadium,Nashville,TN,,,https://site.api.espn.com/apis/site/v2/sports/football/nfl/teams/26/schedule?season=2025&seasontype=2
Oregon Ducks,oregon,college-football,2025,2,Regular Season,401752917,Oregon Ducks at Washington Huskies,ORE @ WASH,2025-11-29T20:30:00+00:00,2025-11-29T12:30:00-08:00,2025-11-29,12:30,True,14,away,264,Washington Huskies,WASH,26,14,W,True,Final,False,Husky Stadium,Seattle,WA,,,https://site.api.espn.com/apis/site/v2/sports/football/college-football/teams/2483/schedule?season=2025&seasontype=2
Oregon State Beavers,oregon-state,college-football,2025,2,Regular Season,401752946,Oregon State Beavers at Washington State Cougars,ORST @ WSU,2025-11-29T23:30:00+00:00,2025-11-29T15:30:00-08:00,2025-11-29,15:30,True,14,away,265,Washington State Cougars,WSU,8,32,L,True,Final,False,Martin Stadium,Pullman,WA,,,https://site.api.espn.com/apis/site/v2/sports/football/college-football/teams/204/schedule?season=2025&seasontype=2
Seattle Seahawks,seattle-seahawks,nfl,2025,2,Regular Season,401772896,Minnesota Vikings at Seattle Seahawks,MIN @ SEA,2025-11-30T21:05:00+00:00,2025-11-30T13:05:00-08:00,2025-11-30,13:05,True,13,home,16,Minnesota Vikings,MIN,26,0,W,True,Final,False,Lumen Field,Seattle,WA,,,https://site.api.espn.com/apis/site/v2/sports/football/nfl/teams/26/schedule?season=2025&seasontype=2
Seattle Seahawks,seattle-seahawks,nfl,2025,2,Regular Season,401772900,Seattle Seahawks at Atlanta Falcons,SEA @ ATL,2025-12-07T18:00:00+00:00,2025-12-07T10:00:00-08:00,2025-12-07,10:00,True,14,away,1,Atlanta Falcons,ATL,37,9,W,True,Final,False,Mercedes-Benz Stadium,Atlanta,GA,,,https://site.api.espn.com/apis/site/v2/sports/football/nfl/teams/26/schedule?season=2025&seasontype=2
Seattle Seahawks,seattle-seahawks,nfl,2025,2,Regular Season,401772799,Indianapolis Colts at Seattle Seahawks,IND @ SEA,2025-12-14T21:25:00+00:00,2025-12-14T13:25:00-08:00,2025-12-14,13:25,True,15,home,11,Indianapolis Colts,IND,18,16,W,True,Final,False,Lumen Field,Seattle,WA,,,https://site.api.espn.com/apis/site/v2/sports/football/nfl/teams/26/schedule?season=2025&seasontype=2
Seattle Seahawks,seattle-seahawks,nfl,2025,2,Regular Season,401772949,Los Angeles Rams at Seattle Seahawks,LAR @ SEA,2025-12-19T01:15:00+00:00,2025-12-18T17:15:00-08:00,2025-12-18,17:15,True,16,home,14,Los Angeles Rams,LAR,38,37,W,True,Final,False,Lumen Field,Seattle,WA,,,https://site.api.espn.com/apis/site/v2/sports/football/nfl/teams/26/schedule?season=2025&seasontype=2
Oregon Ducks,oregon,college-football,2025,3,Postseason,401779843,James Madison Dukes at Oregon Ducks,JMU @ ORE,2025-12-21T00:30:00+00:00,2025-12-20T16:30:00-08:00,2025-12-20,16:30,True,1,home,256,James Madison Dukes,JMU,51,34,W,True,Final,False,Autzen Stadium,Eugene,OR,,College Football Playoff First Round Game,https://site.api.espn.com/apis/site/v2/sports/football/college-football/teams/2483/schedule?season=2025&seasontype=3
Seattle Seahawks,seattle-seahawks,nfl,2025,2,Regular Season,401772952,Seattle Seahawks at Carolina Panthers,SEA @ CAR,2025-12-28T18:00:00+00:00,2025-12-28T10:00:00-08:00,2025-12-28,10:00,True,17,away,29,Carolina Panthers,CAR,27,10,W,True,Final,False,Bank of America Stadium,Charlotte,NC,,,https://site.api.espn.com/apis/site/v2/sports/football/nfl/teams/26/schedule?season=2025&seasontype=2
Oregon Ducks,oregon,college-football,2025,3,Postseason,401769071,Oregon Ducks at Texas Tech Red Raiders,ORE VS TTU,2026-01-01T17:00:00+00:00,2026-01-01T09:00:00-08:00,2026-01-01,09:00,True,1,away,2641,Texas Tech Red Raiders,TTU,23,0,W,True,Final,True,Hard Rock Stadium,Miami Gardens,FL,,College Football Playoff Quarterfinal at the Capital One Orange Bowl,https://site.api.espn.com/apis/site/v2/sports/football/college-football/teams/2483/schedule?season=2025&seasontype=3
Seattle Seahawks,seattle-seahawks,nfl,2025,2,Regular Season,401772961,Seattle Seahawks at San Francisco 49ers,SEA @ SF,2026-01-04T01:00:00+00:00,2026-01-03T17:00:00-08:00,2026-01-03,17:00,True,18,away,25,San Francisco 49ers,SF,13,3,W,True,Final,False,Levi's Stadium,Santa Clara,CA,,,https://site.api.espn.com/apis/site/v2/sports/football/nfl/teams/26/schedule?season=2025&seasontype=2
Oregon Ducks,oregon,college-football,2025,3,Postseason,401769074,Oregon Ducks at Indiana Hoosiers,ORE VS IU,2026-01-10T00:30:00+00:00,2026-01-09T16:30:00-08:00,2026-01-09,16:30,True,1,away,84,Indiana Hoosiers,IU,22,56,L,True,Final,True,Mercedes-Benz Stadium,Atlanta,GA,,College Football Playoff Semifinal at the Chick-fil-A Peach Bowl,https://site.api.espn.com/apis/site/v2/sports/football/college-football/teams/2483/schedule?season=2025&seasontype=3
Seattle Seahawks,seattle-seahawks,nfl,2025,3,Postseason,401772984,San Francisco 49ers at Seattle Seahawks,SF @ SEA,2026-01-18T01:00:00+00:00,2026-01-17T17:00:00-08:00,2026-01-17,17:00,True,2,home,25,San Francisco 49ers,SF,41,6,W,True,Final,False,Lumen Field,Seattle,WA,,NFC Divisional Playoffs,https://site.api.espn.com/apis/site/v2/sports/football/nfl/teams/26/schedule?season=2025&seasontype=3
Seattle Seahawks,seattle-seahawks,nfl,2025,3,Postseason,401772987,Los Angeles Rams at Seattle Seahawks,LAR @ SEA,2026-01-25T23:30:00+00:00,2026-01-25T15:30:00-08:00,2026-01-25,15:30,True,3,home,14,Los Angeles Rams,LAR,31,27,W,True,Final,False,Lumen Field,Seattle,WA,,NFC Championship,https://site.api.espn.com/apis/site/v2/sports/football/nfl/teams/26/schedule?season=2025&seasontype=3
Seattle Seahawks,seattle-seahawks,nfl,2025,3,Postseason,401772988,Seattle Seahawks at New England Patriots,SEA VS NE,2026-02-08T23:30:00+00:00,2026-02-08T15:30:00-08:00,2026-02-08,15:30,True,5,away,17,New England Patriots,NE,29,13,W,True,Final,True,Levi's Stadium,Santa Clara,CA,,Super Bowl LX,https://site.api.espn.com/apis/site/v2/sports/football/nfl/teams/26/schedule?season=2025&seasontype=3
